payload,timeStamp,sensor_id
"{"client_id":"36aa9eafd6b9787317c860e5958a090dd01d8c7f"}","2017-10-23 11:34:27",3141-clwb-1300
"{"client_id":"f70710a4a288c3fe1a69fea59e61c8337d999387"}","2017-10-23 11:34:27",3141-clwc-1100
"{"client_id":"b775a6fffbbed0220bfb663a2d0efca7bcbb0a7e"}","2017-10-23 11:34:27",3141-clwa-1412
"{"client_id":"8ad28e75239db90591d310503ec3aa94d7bd9a65"}","2017-10-23 11:34:27",3141-clwd-1100
"{"client_id":"36aa9eafd6b9787317c860e5958a090dd01d8c7f"}","2017-10-23 11:32:27",3141-clwb-1300
"{"client_id":"47754d7ceb07b3c5f6e862e452ca010e6bf924b5"}","2017-10-23 11:34:27",3145-clwa-5019
"{"client_id":"fb29f1e31a237b52a4ed6917c64453ed36953a6c"}","2017-10-23 11:34:27",3142-clwa-2065
"{"client_id":"8aca03c66b9bc3c62f7dc31d6a217f8155ef1bcb"}","2017-10-23 11:34:27",3142-clwa-2051
"{"client_id":"210db6dbb4d00ea0c0eda0b65ebd3646da2ab348"}","2017-10-23 11:34:27",3141-clwa-1100
"{"client_id":"0b9be7ed5616cdc56e78016816b4ded9dc519ce8"}","2017-10-23 11:34:27",3142-clwa-2099
"{"client_id":"e6e6bc174c373039d0168d349ace2b40d8c87ec4"}","2017-10-23 11:34:27",3143-clwa-3019
"{"client_id":"b035e2f41eae9307cf653a715c479cd305ff8b26"}","2017-10-23 11:34:27",3145-clwa-5065
"{"client_id":"f123cbd6d0d56763b1343e6698aca1e3380deea7"}","2017-10-23 11:34:27",3141-clwa-1425
"{"client_id":"b775a6fffbbed0220bfb663a2d0efca7bcbb0a7e"}","2017-10-23 11:34:27",3141-clwa-1422
"{"client_id":"b775a6fffbbed0220bfb663a2d0efca7bcbb0a7e"}","2017-10-23 11:34:27",3141-clwa-1412
"{"client_id":"5f1642efe48bb64649f86798e207feb9acfb8ed4"}","2017-10-23 11:34:27",3141-clwd-1100
"{"client_id":"bdf2b2972f035df120125a2e88d79483fe3f3369"}","2017-10-23 11:34:27",3141-clwa-1425
"{"client_id":"e5d5c1e7323c7884df619d26694836b518c631d5"}","2017-10-23 11:34:27",3145-clwa-5099
"{"client_id":"b86bd3fa482b0b86c05c432731282893645f1c14"}","2017-10-23 11:34:27",3141-clwa-1412
"{"client_id":"c84791b7cf1b7336833a97457fc32f14d5d4e17e"}","2017-10-23 11:34:27",3141-clwc-1100
"{"client_id":"6fd10a34363a7fcc106d30f6d490c785140c4d54"}","2017-10-23 11:34:27",3146-clwa-6122
"{"client_id":"eeab0eedaac0a725890b8b4450c29c230c78f373"}","2017-10-23 11:34:27",3142-clwa-2099
"{"client_id":"c84791b7cf1b7336833a97457fc32f14d5d4e17e"}","2017-10-23 11:34:27",3141-clwc-1100
"{"client_id":"5f1642efe48bb64649f86798e207feb9acfb8ed4"}","2017-10-23 11:34:27",3141-clwe-1100
"{"client_id":"8bb0600b9d12effcfc2335deb7b21495226d643c"}","2017-10-23 11:34:27",3141-clwa-1100
"{"client_id":"cfc986f9e5a8fa557bf63366cb3579a8005f0c3c"}","2017-10-23 11:34:27",3142-clwa-2219
"{"client_id":"8ad28e75239db90591d310503ec3aa94d7bd9a65"}","2017-10-23 11:34:27",3141-clwe-1100
"{"client_id":"c066f459d45854568845e8bed5be655c02c0e5f0"}","2017-10-23 11:34:27",3141-clwa-1412
"{"client_id":"73b87d870226e4ca3b142d28862c84d47f5ee435"}","2017-10-23 11:34:27",3144-clwa-4059
"{"client_id":"cf09303968e4c28f51c36e61108c416243c05501"}","2017-10-23 11:34:27",3141-clwa-1431
"{"client_id":"3bf8131f8fde7c0d0bf515e0208d564b86b90185"}","2017-10-23 11:34:27",3141-clwc-1100
"{"client_id":"6fd10a34363a7fcc106d30f6d490c785140c4d54"}","2017-10-23 11:34:27",3146-clwa-6049
"{"client_id":"f7ec863d477505656fcdd7ba7d0ee371e94a7286"}","2017-10-23 11:34:27",3141-clwa-1412
"{"client_id":"7a60c2777f8de7fe3d666dc32c089777b704cf7f"}","2017-10-23 11:34:27",3141-clwc-1100
"{"client_id":"3b1f3008775bf6c31472b8a4978fe85d23c38bf9"}","2017-10-23 11:34:27",3141-clwe-1100
"{"client_id":"b5d7591d37df24a133a3266f78175c85c13e1c82"}","2017-10-23 11:34:27",3141-clwe-1100
"{"client_id":"06d0f422068dd46fe13bc2d8b3e762d1e238816c"}","2017-10-23 11:34:27",3141-clwe-1100
"{"client_id":"b5d7591d37df24a133a3266f78175c85c13e1c82"}","2017-10-23 11:34:27",3141-clwe-1100
"{"client_id":"44fdce27f5935f3eead4cd48772583892a70f7c0"}","2017-10-23 11:34:27",3141-clwa-1300
"{"client_id":"c066f459d45854568845e8bed5be655c02c0e5f0"}","2017-10-23 11:34:27",3141-clwa-1420
"{"client_id":"facd726082fad45163f36f4006bf0751a36bcce2"}","2017-10-23 11:34:27",3142-clwa-2099
"{"client_id":"63c2208e1e7f3214f213e926da67004b7801b9c5"}","2017-10-23 11:34:27",3141-clwa-1420
"{"client_id":"3ebaeaac21b8b8789ff482a98497353386692323"}","2017-10-23 11:34:27",3141-clwa-1300
"{"client_id":"593bb5ea66d3825af39c41f055c2e21f92341853"}","2017-10-23 11:34:27",3141-clwa-1412
"{"client_id":"4535d9de7ccfeff10ce1fe5f461485da1958813a"}","2017-10-23 11:34:27",3146-clwa-6049
"{"client_id":"c0c9e34eb7a2d17ea4a2ebd7ee4c00293cc24996"}","2017-10-23 11:34:27",3142-clwa-2099
"{"client_id":"e6e6bc174c373039d0168d349ace2b40d8c87ec4"}","2017-10-23 11:34:27",3143-clwa-3231
"{"client_id":"3bf8131f8fde7c0d0bf515e0208d564b86b90185"}","2017-10-23 11:34:27",3141-clwa-1100
"{"client_id":"d316b7484eda0cac84a7ac52178ee285c2f9f304"}","2017-10-23 11:34:27",3141-clwe-1100
"{"client_id":"0b9be7ed5616cdc56e78016816b4ded9dc519ce8"}","2017-10-23 11:34:27",3142-clwa-2059
"{"client_id":"8440f4abd62748337c9b3b11118b7541b645e233"}","2017-10-23 11:34:27",3144-clwa-4219
"{"client_id":"bfa87e7b5ad8898386cd6ab9a579ac7547011755"}","2017-10-23 11:34:27",3142-clwa-2019
"{"client_id":"680776a4b4b090b790f1e4f7d16af306b2e94d19"}","2017-10-23 11:34:27",3143-clwa-3065
"{"client_id":"8440f4abd62748337c9b3b11118b7541b645e233"}","2017-10-23 11:34:27",3144-clwa-4219
"{"client_id":"44fdce27f5935f3eead4cd48772583892a70f7c0"}","2017-10-23 11:34:27",3141-clwa-1200
"{"client_id":"baf8942f96560a3b0ff41cf199c1850c09ee7f96"}","2017-10-23 11:34:27",3145-clwa-5065
"{"client_id":"30a248d6ee65ad196a973c36bc35c365c72bb61c"}","2017-10-23 11:34:27",3141-clwc-1100
"{"client_id":"c34d4958ad175960093b975bbe9b11cacde92a51"}","2017-10-23 11:34:27",3141-clwa-1412
"{"client_id":"f70710a4a288c3fe1a69fea59e61c8337d999387"}","2017-10-23 11:34:27",3141-clwc-1100
"{"client_id":"68d98b07fbd469c392a62fdd0f4b6316c666fd37"}","2017-10-23 11:34:27",3141-clwa-1422
"{"client_id":"78c808ec22d57941027ddf0e0e9eb0978fc480da"}","2017-10-23 11:34:27",3142-clwa-2231
"{"client_id":"c37d2f11cf13084d09b1bccfdbb9ab16e9888141"}","2017-10-23 11:34:27",3141-clwd-1100
"{"client_id":"485eb97781e7bfe9adde6d26ec0b450277b51d63"}","2017-10-23 11:34:27",3142-clwa-2059
"{"client_id":"03022bc2443088a5160b1d81a56e82ad98fc9d0c"}","2017-10-23 11:34:27",3143-clwa-3065
"{"client_id":"53e4c31955be9bef152d856a3cb0a64d2f69680c"}","2017-10-23 11:34:27",3142-clwa-2039
"{"client_id":"e6e6bc174c373039d0168d349ace2b40d8c87ec4"}","2017-10-23 11:34:27",3144-clwa-4019
"{"client_id":"680776a4b4b090b790f1e4f7d16af306b2e94d19"}","2017-10-23 11:34:27",3143-clwa-3065
"{"client_id":"dc3099b9a846996b7fb65fe41a252ba3120d8c9f"}","2017-10-23 11:34:27",3141-clwa-1100
"{"client_id":"dc3099b9a846996b7fb65fe41a252ba3120d8c9f"}","2017-10-23 11:34:27",3141-clwa-1100
"{"client_id":"b26f8bf1444c7be5bfb060d5c9ba003d93da0a89"}","2017-10-23 11:34:27",3141-clwb-1300
"{"client_id":"2d92b681d6d7f9f5677c285d4c10f9f54cc8a065"}","2017-10-23 11:34:27",3141-clwa-1433
"{"client_id":"cef02d0feaedaaed988b55c331d0316dd7aab7cd"}","2017-10-23 11:34:27",3144-clwa-4219
"{"client_id":"040ea4a559f9280c673c14e5c1b74aa69dc4e510"}","2017-10-23 11:34:27",3141-clwa-1420
"{"client_id":"4e5cbda75c5ba5eb93d07fb07d78cc644355d119"}","2017-10-23 11:34:27",3141-clwa-1429
"{"client_id":"71e4c98cd85c99f7777519d14e80f8d94c718f14"}","2017-10-23 11:34:27",3144-clwa-4219
"{"client_id":"1a25126427057c43b427fba63c23b2b44adde554"}","2017-10-23 11:34:27",3141-clwa-1422
"{"client_id":"0b9be7ed5616cdc56e78016816b4ded9dc519ce8"}","2017-10-23 11:34:27",3142-clwa-2099
"{"client_id":"434c3f6aca55d26ec9cad34fc3cd93696fc4d8fa"}","2017-10-23 11:34:27",3146-clwa-6122
"{"client_id":"e5176d6ffef2b18bfef2ca071fdc3ba5f9868e9c"}","2017-10-23 11:34:27",3141-clwe-1100
"{"client_id":"83c3c99255f3b6fe11020a275afe986648a62f5d"}","2017-10-23 11:34:27",3141-clwb-1200
"{"client_id":"c066f459d45854568845e8bed5be655c02c0e5f0"}","2017-10-23 11:34:27",3141-clwa-1300
"{"client_id":"564e90c898956d0c2c66da4f9a0307bb2641acbd"}","2017-10-23 11:34:27",3141-clwb-1300
"{"client_id":"2b2268cb7eaa13344b6de1fbe17ffff4f1b117f4"}","2017-10-23 11:34:27",3141-clwc-1100
"{"client_id":"ee56fa982d8eb3c0a9ebb7c58695ce6b16f867be"}","2017-10-23 11:34:27",3141-clwa-1300
"{"client_id":"f4649ec3713867e10a75473967860f311e4fa1d9"}","2017-10-23 11:34:27",3141-clwc-1100
"{"client_id":"434c3f6aca55d26ec9cad34fc3cd93696fc4d8fa"}","2017-10-23 11:34:27",3146-clwa-6122
"{"client_id":"8aca03c66b9bc3c62f7dc31d6a217f8155ef1bcb"}","2017-10-23 11:34:27",3142-clwa-2051
"{"client_id":"e5176d6ffef2b18bfef2ca071fdc3ba5f9868e9c"}","2017-10-23 11:34:27",3141-clwa-1100
"{"client_id":"3b77ed3c614148b1200db9421db5cfcf749dbf04"}","2017-10-23 11:34:27",3141-clwa-1429
"{"client_id":"f693cee32717eeb3515872812cf000627f600ff9"}","2017-10-23 11:34:27",3142-clwa-2219
"{"client_id":"4a245a9d31b4616f12ac715d839ffc166afad166"}","2017-10-23 11:34:27",3142-clwa-2065
"{"client_id":"3b77ed3c614148b1200db9421db5cfcf749dbf04"}","2017-10-23 11:34:27",3141-clwa-1429
"{"client_id":"ee56fa982d8eb3c0a9ebb7c58695ce6b16f867be"}","2017-10-23 11:34:27",3141-clwa-1300
"{"client_id":"2b2268cb7eaa13344b6de1fbe17ffff4f1b117f4"}","2017-10-23 11:34:27",3141-clwa-1100
"{"client_id":"63c2208e1e7f3214f213e926da67004b7801b9c5"}","2017-10-23 11:34:27",3141-clwa-1300
"{"client_id":"23852d389eaa884db085950903a4eb57c979a702"}","2017-10-23 11:34:27",3142-clwa-2209
"{"client_id":"210db6dbb4d00ea0c0eda0b65ebd3646da2ab348"}","2017-10-23 11:34:27",3141-clwe-1100
"{"client_id":"3f71c70f349fc61e5c354d0aa2fc6bbbf326027f"}","2017-10-23 11:34:27",3142-clwa-2099
"{"client_id":"2b56d3b9c215194c7c02c4364ecdc735655612d7"}","2017-10-23 11:34:27",3141-clwd-1100
"{"client_id":"4a245a9d31b4616f12ac715d839ffc166afad166"}","2017-10-23 11:34:27",3142-clwa-2099
"{"client_id":"6b4e5ca7af9821ffb1d2aef57e413f5ab94b4439"}","2017-10-23 11:34:27",3141-clwc-1100
"{"client_id":"099e54fa8f092119a3c4913970b0e007876f790e"}","2017-10-23 11:34:27",3142-clwa-2065
"{"client_id":"6b4e5ca7af9821ffb1d2aef57e413f5ab94b4439"}","2017-10-23 11:34:27",3141-clwc-1100
"{"client_id":"cfc986f9e5a8fa557bf63366cb3579a8005f0c3c"}","2017-10-23 11:34:27",3142-clwa-2219
"{"client_id":"103fe801a1fa81ab7632b03301ff0d25673aff27"}","2017-10-23 11:34:27",3141-clwa-1433
"{"client_id":"77c1dbcad9f2b211b3af193a75b06ff2ae664491"}","2017-10-23 11:34:27",3144-clwa-4051
"{"client_id":"b54b06a3fef8531f73a690c7cd9a141d6e09f9a3"}","2017-10-23 11:34:27",3141-clwd-1100
"{"client_id":"0e0a48f6b130d0dbffc75b6be7528733131baaab"}","2017-10-23 11:34:27",3141-clwc-1100
"{"client_id":"cfc986f9e5a8fa557bf63366cb3579a8005f0c3c"}","2017-10-23 11:34:27",3142-clwa-2219
"{"client_id":"a134bc3f917cefc0ac71e06f05f09715d24c5c69"}","2017-10-23 11:34:27",3145-clwa-5231
"{"client_id":"c3ad6187a2734de2f98a5902b223e62521576a25"}","2017-10-23 11:34:27",3141-clwc-1100
"{"client_id":"8bb0600b9d12effcfc2335deb7b21495226d643c"}","2017-10-23 11:34:27",3142-clwa-2219
"{"client_id":"2b2268cb7eaa13344b6de1fbe17ffff4f1b117f4"}","2017-10-23 11:34:27",3141-clwe-1100
"{"client_id":"fb50f80733b4af2727fa68a3e072d6ae4831db7a"}","2017-10-23 11:34:27",3141-clwe-1100
"{"client_id":"d10b479f4aea6bc07d151e97d5ad70c029827e3f"}","2017-10-23 11:34:27",3145-clwa-5231
"{"client_id":"bdf2b2972f035df120125a2e88d79483fe3f3369"}","2017-10-23 11:34:27",3141-clwa-1425
"{"client_id":"c066f459d45854568845e8bed5be655c02c0e5f0"}","2017-10-23 11:34:27",3141-clwa-1200
"{"client_id":"5804be7e09c84849bf11a4ded7dc61ae08093709"}","2017-10-23 11:34:27",3141-clwc-1100
"{"client_id":"73b3936125d6723705ed1a1a109ff24c2625f765"}","2017-10-23 11:34:27",3143-clwa-3059
"{"client_id":"30aef3b6da03f7c9867e53d0488fbc5ed4d935eb"}","2017-10-23 11:34:27",3141-clwa-1200
"{"client_id":"e16d9024f55241601127915b13495c934c2201f4"}","2017-10-23 11:34:27",3141-clwe-1100
"{"client_id":"66dd13f7055505edade724afe4f283e0a879c7bd"}","2017-10-23 11:34:27",3141-clwa-1100
"{"client_id":"4bca49664d983af985e49c70aecc5229c338aa3c"}","2017-10-23 11:34:27",3144-clwa-4231
"{"client_id":"c3aad8cf6280621da86c10880d8c694114c329d3"}","2017-10-23 11:34:27",3142-clwa-2065
"{"client_id":"9f7262815d9d8bb4e90a8c61099c5afddf394790"}","2017-10-23 11:34:27",3141-clwa-1300
"{"client_id":"c3ad6187a2734de2f98a5902b223e62521576a25"}","2017-10-23 11:34:27",3141-clwa-1100
"{"client_id":"9733994bf6f0fbf3113c138ddebfea8c7148c9d1"}","2017-10-23 11:34:27",3141-clwa-1100
"{"client_id":"8bb0600b9d12effcfc2335deb7b21495226d643c"}","2017-10-23 11:34:27",3141-clwa-1100
"{"client_id":"59f0a3a3edf5bf7fce2ffcca1b72fa81aef4b325"}","2017-10-23 11:34:27",3146-clwa-6011
"{"client_id":"a134bc3f917cefc0ac71e06f05f09715d24c5c69"}","2017-10-23 11:34:27",3145-clwa-5231
"{"client_id":"9f7262815d9d8bb4e90a8c61099c5afddf394790"}","2017-10-23 11:34:27",3141-clwe-1100
"{"client_id":"f4649ec3713867e10a75473967860f311e4fa1d9"}","2017-10-23 11:34:27",3141-clwc-1100
"{"client_id":"8a2f41369b59edc12e4f0575adf7ba6b109aa7c2"}","2017-10-23 11:34:27",3142-clwa-2209
"{"client_id":"e6e6bc174c373039d0168d349ace2b40d8c87ec4"}","2017-10-23 11:34:27",3144-clwa-4051
"{"client_id":"73b3936125d6723705ed1a1a109ff24c2625f765"}","2017-10-23 11:34:27",3143-clwa-3051
"{"client_id":"326610f8cf1fbb860cda6f91162d766c20faec29"}","2017-10-23 11:34:27",3142-clwa-2051
"{"client_id":"b54b06a3fef8531f73a690c7cd9a141d6e09f9a3"}","2017-10-23 11:34:27",3141-clwe-1100
"{"client_id":"8a2f41369b59edc12e4f0575adf7ba6b109aa7c2"}","2017-10-23 11:34:27",3142-clwa-2209
"{"client_id":"4bca49664d983af985e49c70aecc5229c338aa3c"}","2017-10-23 11:34:27",3144-clwa-4051
"{"client_id":"33fbf947c4a22678404086ba6955879e1dc69087"}","2017-10-23 11:34:27",3142-clwa-2039
"{"client_id":"4b2317de27c4982d76f019dba4bb3be65d9b5e6e"}","2017-10-23 11:34:27",3144-clwa-4209
"{"client_id":"4a245a9d31b4616f12ac715d839ffc166afad166"}","2017-10-23 11:34:27",3142-clwa-2059
"{"client_id":"5c9048ed064c611067802315bc628405d8fd2037"}","2017-10-23 11:34:27",3141-clwe-1100
"{"client_id":"77c1dbcad9f2b211b3af193a75b06ff2ae664491"}","2017-10-23 11:34:27",3144-clwa-4051
"{"client_id":"4bca49664d983af985e49c70aecc5229c338aa3c"}","2017-10-23 11:34:27",3144-clwa-4231
"{"client_id":"c34d4958ad175960093b975bbe9b11cacde92a51"}","2017-10-23 11:34:27",3141-clwa-1412
"{"client_id":"ee957773d8bd1a5c1c153cdbb7ffb70aa272403e"}","2017-10-23 11:34:27",3141-clwd-1100
"{"client_id":"ee957773d8bd1a5c1c153cdbb7ffb70aa272403e"}","2017-10-23 11:34:27",3141-clwd-1100
"{"client_id":"8b238a3898e23c86a4ba3cbaa21338f04f657f5e"}","2017-10-23 11:34:27",3141-clwc-1100
"{"client_id":"03022bc2443088a5160b1d81a56e82ad98fc9d0c"}","2017-10-23 11:34:27",3143-clwa-3099
"{"client_id":"e4b38030bf551df0f5473fc89a4ea0e04244a4b9"}","2017-10-23 11:34:27",3141-clwa-1412
"{"client_id":"b0d3222b4a86f9767b3e30fc079d80a3653a8953"}","2017-10-23 11:34:27",3143-clwa-3039
"{"client_id":"b0d3222b4a86f9767b3e30fc079d80a3653a8953"}","2017-10-23 11:34:27",3143-clwa-3039
"{"client_id":"099e54fa8f092119a3c4913970b0e007876f790e"}","2017-10-23 11:34:27",3142-clwa-2099
"{"client_id":"326610f8cf1fbb860cda6f91162d766c20faec29"}","2017-10-23 11:34:27",3142-clwa-2051
"{"client_id":"c7ba5f2d56c731bb78d9da57c93775bfe8ceb79b"}","2017-10-23 11:34:27",3141-clwa-1100
"{"client_id":"8b238a3898e23c86a4ba3cbaa21338f04f657f5e"}","2017-10-23 11:34:27",3141-clwc-1100
"{"client_id":"5c9048ed064c611067802315bc628405d8fd2037"}","2017-10-23 11:34:27",3141-clwd-1100
"{"client_id":"dfae202f53dcd04108947660cebc093b3d148ee7"}","2017-10-23 11:34:27",3141-clwa-1420
"{"client_id":"b0d3222b4a86f9767b3e30fc079d80a3653a8953"}","2017-10-23 11:34:27",3143-clwa-3039
"{"client_id":"e387e19d32268813811c599175f6ce0aa805e60d"}","2017-10-23 11:34:27",3141-clwa-1412
"{"client_id":"b86bd3fa482b0b86c05c432731282893645f1c14"}","2017-10-23 11:34:27",3141-clwa-1412
"{"client_id":"bcc3283da072800562560f35b39ba19ae9f0fa00"}","2017-10-23 11:34:27",3145-clwa-5019
"{"client_id":"e46c6c3d0d4a3c25d2a7f98aa253e4ecd2d6c212"}","2017-10-23 11:34:27",3145-clwa-5231
"{"client_id":"d316b7484eda0cac84a7ac52178ee285c2f9f304"}","2017-10-23 11:34:27",3141-clwc-1100
"{"client_id":"4a245a9d31b4616f12ac715d839ffc166afad166"}","2017-10-23 11:34:27",3142-clwa-2051
"{"client_id":"44fdce27f5935f3eead4cd48772583892a70f7c0"}","2017-10-23 11:34:27",3141-clwa-1300
"{"client_id":"b0d3222b4a86f9767b3e30fc079d80a3653a8953"}","2017-10-23 11:34:27",3143-clwa-3039
"{"client_id":"6aaf6c363748fe321967a284d0d561af70874a0f"}","2017-10-23 11:34:27",3141-clwa-1100
"{"client_id":"e387e19d32268813811c599175f6ce0aa805e60d"}","2017-10-23 11:34:27",3141-clwa-1420
"{"client_id":"bcc3283da072800562560f35b39ba19ae9f0fa00"}","2017-10-23 11:34:27",3145-clwa-5019
"{"client_id":"287f5b1be491dd8a9b0ad43e2a88d210ecb22ccb"}","2017-10-23 11:34:27",3144-clwa-4231
"{"client_id":"e387e19d32268813811c599175f6ce0aa805e60d"}","2017-10-23 11:34:27",3141-clwa-1412
"{"client_id":"aaecc67626eef8c6139315253fcb2aac9854313b"}","2017-10-23 11:34:27",3141-clwa-1427
"{"client_id":"4bca49664d983af985e49c70aecc5229c338aa3c"}","2017-10-23 11:34:27",3144-clwa-4019
"{"client_id":"95774bd13c5e93f5e05c951793e8e2d020de5629"}","2017-10-23 11:34:27",3141-clwb-1100
"{"client_id":"e387e19d32268813811c599175f6ce0aa805e60d"}","2017-10-23 11:34:27",3141-clwa-1420
"{"client_id":"44fdce27f5935f3eead4cd48772583892a70f7c0"}","2017-10-23 11:34:27",3141-clwa-1200
"{"client_id":"e6e6bc174c373039d0168d349ace2b40d8c87ec4"}","2017-10-23 11:34:27",3144-clwa-4059
"{"client_id":"c3305115c24d4d1ca9597ed8df0f12dbc9f6aaf6"}","2017-10-23 11:34:27",3141-clwa-1300
"{"client_id":"4d18de10d8340e1d1cd2be5bb4da7e4885ceb51a"}","2017-10-23 11:34:27",3141-clwd-1100
"{"client_id":"593bb5ea66d3825af39c41f055c2e21f92341853"}","2017-10-23 11:34:27",3141-clwa-1412
"{"client_id":"0b6f3a9ddf5e93c198a12d37b72e9ca5e4867501"}","2017-10-23 11:34:27",3141-clwe-1100
"{"client_id":"0b6f3a9ddf5e93c198a12d37b72e9ca5e4867501"}","2017-10-23 11:34:27",3141-clwe-1100
"{"client_id":"6aaf6c363748fe321967a284d0d561af70874a0f"}","2017-10-23 11:34:27",3141-clwc-1100
"{"client_id":"c7ba5f2d56c731bb78d9da57c93775bfe8ceb79b"}","2017-10-23 11:34:28",3141-clwa-1100
"{"client_id":"88ff7df59d9a3413ab381d7df8e7b5411443b483"}","2017-10-23 11:34:28",3145-clwa-5065
"{"client_id":"0116b8495be06a2ea72e2b14f38a5a739ea566fc"}","2017-10-23 11:34:28",3141-clwa-1429
"{"client_id":"6fd10a34363a7fcc106d30f6d490c785140c4d54"}","2017-10-23 11:34:28",3146-clwa-6049
"{"client_id":"6fd10a34363a7fcc106d30f6d490c785140c4d54"}","2017-10-23 11:34:28",3146-clwa-6049
"{"client_id":"73b3936125d6723705ed1a1a109ff24c2625f765"}","2017-10-23 11:34:28",3143-clwa-3051
"{"client_id":"e387e19d32268813811c599175f6ce0aa805e60d"}","2017-10-23 11:34:28",3141-clwa-1300
"{"client_id":"ee56fa982d8eb3c0a9ebb7c58695ce6b16f867be"}","2017-10-23 11:34:28",3141-clwa-1300
"{"client_id":"e6e6bc174c373039d0168d349ace2b40d8c87ec4"}","2017-10-23 11:34:28",3144-clwa-4051
"{"client_id":"266d2a1321171e09b6c21a849aeb2c6d554c1285"}","2017-10-23 11:34:28",3142-clwa-2065
"{"client_id":"b5d7591d37df24a133a3266f78175c85c13e1c82"}","2017-10-23 11:34:28",3141-clwe-1100
"{"client_id":"0482d7e8c805ad3c038253e8ab1d2320c6711c56"}","2017-10-23 11:34:28",3142-clwa-2039
"{"client_id":"f2bf92566ed479703ade4bf84726dcd83207e7c6"}","2017-10-23 11:34:28",3144-clwa-4231
"{"client_id":"5c9048ed064c611067802315bc628405d8fd2037"}","2017-10-23 11:34:28",3141-clwe-1100
"{"client_id":"e387e19d32268813811c599175f6ce0aa805e60d"}","2017-10-23 11:34:28",3141-clwa-1300
"{"client_id":"fca1d9acc279d77d55a0db50493064b4c409c68b"}","2017-10-23 11:34:28",3141-clwa-1300
"{"client_id":"8440f4abd62748337c9b3b11118b7541b645e233"}","2017-10-23 11:34:28",3144-clwa-4219
"{"client_id":"cf09303968e4c28f51c36e61108c416243c05501"}","2017-10-23 11:34:28",3141-clwa-1433
"{"client_id":"326610f8cf1fbb860cda6f91162d766c20faec29"}","2017-10-23 11:34:28",3141-clwa-1412
"{"client_id":"4a245a9d31b4616f12ac715d839ffc166afad166"}","2017-10-23 11:34:28",3142-clwa-2231
"{"client_id":"6c8e3c0df707a9a3541432c1784e8a9e3a36c571"}","2017-10-23 11:34:28",3141-clwc-1100
"{"client_id":"c3aad8cf6280621da86c10880d8c694114c329d3"}","2017-10-23 11:34:28",3142-clwa-2099
"{"client_id":"8440f4abd62748337c9b3b11118b7541b645e233"}","2017-10-23 11:34:28",3144-clwa-4219
"{"client_id":"9f7262815d9d8bb4e90a8c61099c5afddf394790"}","2017-10-23 11:34:28",3141-clwa-1100
"{"client_id":"680776a4b4b090b790f1e4f7d16af306b2e94d19"}","2017-10-23 11:34:28",3143-clwa-3065
"{"client_id":"1a25126427057c43b427fba63c23b2b44adde554"}","2017-10-23 11:34:28",3141-clwa-1412
"{"client_id":"a60a94dd3f1c36786fdc5e4f06895266c644cead"}","2017-10-23 11:34:28",3141-clwa-1433
"{"client_id":"71e4c98cd85c99f7777519d14e80f8d94c718f14"}","2017-10-23 11:34:28",3144-clwa-4219
"{"client_id":"d5db17c98e418bd1575f6208635ec4da86249d0b"}","2017-10-23 11:34:28",3141-clwa-1422
"{"client_id":"9079c2ffbe778db8caf284d541deeffd175a0da5"}","2017-10-23 11:34:28",3142-clwa-2231
"{"client_id":"dc5aee0e7b3e00ac40cea87417bbed27669c8a44"}","2017-10-23 11:34:28",3141-clwa-1427
"{"client_id":"194ec31b6389c39e8267bec5a3e9aa53e2fc6ce2"}","2017-10-23 11:34:28",3145-clwa-5039
"{"client_id":"4a245a9d31b4616f12ac715d839ffc166afad166"}","2017-10-23 11:34:28",3142-clwa-2019
"{"client_id":"3f71c70f349fc61e5c354d0aa2fc6bbbf326027f"}","2017-10-23 11:34:28",3142-clwa-2099
"{"client_id":"68d98b07fbd469c392a62fdd0f4b6316c666fd37"}","2017-10-23 11:34:28",3141-clwa-1412
"{"client_id":"b86bd3fa482b0b86c05c432731282893645f1c14"}","2017-10-23 11:34:28",3141-clwa-1412
"{"client_id":"f693cee32717eeb3515872812cf000627f600ff9"}","2017-10-23 11:34:28",3141-clwa-1100
"{"client_id":"4bca49664d983af985e49c70aecc5229c338aa3c"}","2017-10-23 11:34:28",3144-clwa-4051
"{"client_id":"680776a4b4b090b790f1e4f7d16af306b2e94d19"}","2017-10-23 11:34:28",3143-clwa-3099
"{"client_id":"3f71c70f349fc61e5c354d0aa2fc6bbbf326027f"}","2017-10-23 11:34:28",3142-clwa-2099
"{"client_id":"cef02d0feaedaaed988b55c331d0316dd7aab7cd"}","2017-10-23 11:34:28",3144-clwa-4219
"{"client_id":"4bca49664d983af985e49c70aecc5229c338aa3c"}","2017-10-23 11:34:28",3144-clwa-4019
"{"client_id":"434c3f6aca55d26ec9cad34fc3cd93696fc4d8fa"}","2017-10-23 11:34:28",3146-clwa-6122
"{"client_id":"ad7f2cafa73eca0339a0de88d871243b9139f3a6"}","2017-10-23 11:34:28",3144-clwa-4051
"{"client_id":"4b2317de27c4982d76f019dba4bb3be65d9b5e6e"}","2017-10-23 11:34:28",3144-clwa-4209
"{"client_id":"e5176d6ffef2b18bfef2ca071fdc3ba5f9868e9c"}","2017-10-23 11:34:28",3141-clwa-1100
"{"client_id":"71e4c98cd85c99f7777519d14e80f8d94c718f14"}","2017-10-23 11:34:28",3144-clwa-4219
"{"client_id":"326610f8cf1fbb860cda6f91162d766c20faec29"}","2017-10-23 11:34:28",3141-clwa-1300
"{"client_id":"434c3f6aca55d26ec9cad34fc3cd93696fc4d8fa"}","2017-10-23 11:34:28",3146-clwa-6122
"{"client_id":"e5176d6ffef2b18bfef2ca071fdc3ba5f9868e9c"}","2017-10-23 11:34:28",3141-clwa-1100
"{"client_id":"2b2268cb7eaa13344b6de1fbe17ffff4f1b117f4"}","2017-10-23 11:34:28",3141-clwc-1100
"{"client_id":"aa9755ad01a8ce3e2abe46c4496d65009d796e10"}","2017-10-23 11:34:28",3142-clwa-2099
"{"client_id":"495b688bb7d4540f91386706e9227660ec1f8774"}","2017-10-23 11:34:28",3142-clwa-2099
"{"client_id":"77c1dbcad9f2b211b3af193a75b06ff2ae664491"}","2017-10-23 11:34:28",3144-clwa-4051
"{"client_id":"53d7929dd00d9b6341483b47de7c700d6699eed9"}","2017-10-23 11:34:28",3142-clwa-2231
"{"client_id":"3b77ed3c614148b1200db9421db5cfcf749dbf04"}","2017-10-23 11:34:28",3141-clwa-1429
"{"client_id":"a71524a02de9a41256f8d9992a8aa7bd5c784b00"}","2017-10-23 11:34:28",3142-clwa-2051
"{"client_id":"680776a4b4b090b790f1e4f7d16af306b2e94d19"}","2017-10-23 11:34:28",3143-clwa-3065
"{"client_id":"4a55fa9d923cbccddd1c74427f8e0d08ba7fd08f"}","2017-10-23 11:34:28",3141-clwa-1420
"{"client_id":"4bca49664d983af985e49c70aecc5229c338aa3c"}","2017-10-23 11:34:28",3144-clwa-4051
"{"client_id":"9f7262815d9d8bb4e90a8c61099c5afddf394790"}","2017-10-23 11:34:28",3141-clwc-1100
"{"client_id":"9f7262815d9d8bb4e90a8c61099c5afddf394790"}","2017-10-23 11:34:28",3141-clwc-1100
"{"client_id":"9f7262815d9d8bb4e90a8c61099c5afddf394790"}","2017-10-23 11:34:28",3141-clwc-1100
"{"client_id":"73b3936125d6723705ed1a1a109ff24c2625f765"}","2017-10-23 11:34:28",3143-clwa-3051
"{"client_id":"c75fe211427541ca78a9225b8c91241910008494"}","2017-10-23 11:34:28",3143-clwa-3065
"{"client_id":"3f71c70f349fc61e5c354d0aa2fc6bbbf326027f"}","2017-10-23 11:34:28",3142-clwa-2059
"{"client_id":"a71524a02de9a41256f8d9992a8aa7bd5c784b00"}","2017-10-23 11:34:28",3142-clwa-2019
"{"client_id":"3f71c70f349fc61e5c354d0aa2fc6bbbf326027f"}","2017-10-23 11:34:28",3142-clwa-2059
"{"client_id":"ad7f2cafa73eca0339a0de88d871243b9139f3a6"}","2017-10-23 11:34:28",3144-clwa-4039
"{"client_id":"081fb4961608ecbca00b6478005e16126aa6e2c6"}","2017-10-23 11:34:28",3143-clwa-3231
"{"client_id":"a71524a02de9a41256f8d9992a8aa7bd5c784b00"}","2017-10-23 11:34:28",3142-clwa-2051
"{"client_id":"4b2317de27c4982d76f019dba4bb3be65d9b5e6e"}","2017-10-23 11:34:28",3144-clwa-4209
"{"client_id":"e85320bfc9eb6b9cd43191b14f69467673568c34"}","2017-10-23 11:34:28",3141-clwa-1433
"{"client_id":"2b2268cb7eaa13344b6de1fbe17ffff4f1b117f4"}","2017-10-23 11:34:28",3141-clwc-1100
"{"client_id":"3f71c70f349fc61e5c354d0aa2fc6bbbf326027f"}","2017-10-23 11:34:28",3142-clwa-2051
"{"client_id":"f4649ec3713867e10a75473967860f311e4fa1d9"}","2017-10-23 11:34:28",3141-clwc-1100
"{"client_id":"8a2f41369b59edc12e4f0575adf7ba6b109aa7c2"}","2017-10-23 11:34:28",3142-clwa-2209
"{"client_id":"8a2f41369b59edc12e4f0575adf7ba6b109aa7c2"}","2017-10-23 11:34:28",3142-clwa-2019
"{"client_id":"4b2317de27c4982d76f019dba4bb3be65d9b5e6e"}","2017-10-23 11:34:28",3144-clwa-4209
"{"client_id":"88c8d0a543d6b91eaa7c4be602046c7b994f9626"}","2017-10-23 11:34:28",3141-clwb-1100
"{"client_id":"50d515c71458bd2c60cf17200be1fd42713fa127"}","2017-10-23 11:34:28",3141-clwd-1100
"{"client_id":"a08ba1849e772339beb4fbe3a00b7711d869b1e5"}","2017-10-23 11:34:28",3146-clwa-6131
"{"client_id":"a71524a02de9a41256f8d9992a8aa7bd5c784b00"}","2017-10-23 11:34:28",3142-clwa-2051
"{"client_id":"c59f0137ab0fd9233248379da89c13a27f03cb27"}","2017-10-23 11:34:28",3142-clwa-2059
"{"client_id":"0a090c0e98ac3c2425d5e6ad923622f4a5e11b03"}","2017-10-23 11:34:28",3141-clwd-1100
"{"client_id":"68a82ba64f7e0e775d70b4af26de0bdb69bacfec"}","2017-10-23 11:34:28",3141-clwc-1100
"{"client_id":"b035e2f41eae9307cf653a715c479cd305ff8b26"}","2017-10-23 11:34:28",3145-clwa-5099
"{"client_id":"ee957773d8bd1a5c1c153cdbb7ffb70aa272403e"}","2017-10-23 11:34:28",3141-clwd-1100
"{"client_id":"3aa1b1f85748606ea227b7bac0b5a080f68717d7"}","2017-10-23 11:34:28",3141-clwc-1100
"{"client_id":"dc65318d09c52c4aa9d157ea6f45bcd9eabc1a8d"}","2017-10-23 11:34:28",3141-clwc-1100
"{"client_id":"4e5cbda75c5ba5eb93d07fb07d78cc644355d119"}","2017-10-23 11:34:28",3141-clwa-1412
"{"client_id":"1547b1ab519613e22c90e47a9781b88ab1b0768c"}","2017-10-23 11:34:28",3141-clwa-1412
"{"client_id":"3b77ed3c614148b1200db9421db5cfcf749dbf04"}","2017-10-23 11:34:28",3141-clwa-1429
"{"client_id":"8b238a3898e23c86a4ba3cbaa21338f04f657f5e"}","2017-10-23 11:34:28",3142-clwa-2219
"{"client_id":"ee56fa982d8eb3c0a9ebb7c58695ce6b16f867be"}","2017-10-23 11:34:28",3141-clwa-1300
"{"client_id":"714f773dc321b8b82303c823aebd0526760cd1a9"}","2017-10-23 11:34:28",3141-clwa-1427
"{"client_id":"931f6b453dd9e12103b613225ebf65957d62bbbe"}","2017-10-23 11:34:28",3141-clwa-1420
"{"client_id":"4b2258ba1a58f2d9962a521757a81c0975384aaf"}","2017-10-23 11:34:28",3141-clwa-1100
"{"client_id":"3b1f3008775bf6c31472b8a4978fe85d23c38bf9"}","2017-10-23 11:34:28",3141-clwd-1100
"{"client_id":"e6e6bc174c373039d0168d349ace2b40d8c87ec4"}","2017-10-23 11:34:28",3142-clwa-2051
"{"client_id":"4b2258ba1a58f2d9962a521757a81c0975384aaf"}","2017-10-23 11:34:28",3141-clwa-1100
"{"client_id":"1a25126427057c43b427fba63c23b2b44adde554"}","2017-10-23 11:34:28",3141-clwa-1422
"{"client_id":"7c4d7a1dbd175a583ffc96eeeb76fcd89ac0d403"}","2017-10-23 11:34:28",3141-clwe-1100
"{"client_id":"7c4d7a1dbd175a583ffc96eeeb76fcd89ac0d403"}","2017-10-23 11:34:28",3141-clwe-1100
"{"client_id":"b0d3222b4a86f9767b3e30fc079d80a3653a8953"}","2017-10-23 11:34:28",3143-clwa-3039
"{"client_id":"1f5637b6b4d8c28483736edabef0fb5a641aa5d7"}","2017-10-23 11:34:28",3143-clwa-3219
"{"client_id":"e5176d6ffef2b18bfef2ca071fdc3ba5f9868e9c"}","2017-10-23 11:34:28",3141-clwc-1100
"{"client_id":"3faa0519380f156def171320d19cc667825c8a48"}","2017-10-23 11:34:28",3145-clwa-5051
"{"client_id":"a865ce0924cf815dbf60c7234b1a855b245fa95f"}","2017-10-23 11:34:29",3144-clwa-4019
"{"client_id":"46ad1d991c56a79486c3e9cdcd68739437cc3e3c"}","2017-10-23 11:34:29",3141-clwe-1100
"{"client_id":"b0d3222b4a86f9767b3e30fc079d80a3653a8953"}","2017-10-23 11:34:29",3143-clwa-3039
"{"client_id":"c59f0137ab0fd9233248379da89c13a27f03cb27"}","2017-10-23 11:34:29",3141-clwa-1412
"{"client_id":"287f5b1be491dd8a9b0ad43e2a88d210ecb22ccb"}","2017-10-23 11:34:29",3144-clwa-4231
"{"client_id":"b0d3222b4a86f9767b3e30fc079d80a3653a8953"}","2017-10-23 11:34:29",3143-clwa-3039
"{"client_id":"c3ad6187a2734de2f98a5902b223e62521576a25"}","2017-10-23 11:34:30",3141-clwd-1100
"{"client_id":"0850f9dd72171fb5f41c4414f86b77127cda0671"}","2017-10-23 11:34:30",3144-clwa-4059
"{"client_id":"3aa1b1f85748606ea227b7bac0b5a080f68717d7"}","2017-10-23 11:34:31",3141-clwc-1100
"{"client_id":"3aa1b1f85748606ea227b7bac0b5a080f68717d7"}","2017-10-23 11:34:31",3141-clwa-1100
"{"client_id":"bcc3283da072800562560f35b39ba19ae9f0fa00"}","2017-10-23 11:34:31",3145-clwa-5019
"{"client_id":"c91d4f653cdf3b6e38429e17045969fbd4e60a86"}","2017-10-23 11:34:31",3141-clwa-1412
"{"client_id":"71797d3382419eb0eaf804dc11ca94154475405f"}","2017-10-23 11:34:31",3143-clwa-3059
"{"client_id":"b035e2f41eae9307cf653a715c479cd305ff8b26"}","2017-10-23 11:34:31",3145-clwa-5065
"{"client_id":"30a55e5340caeace5c35bd0f23c82226eb1e63e3"}","2017-10-23 11:34:31",3141-clwe-1100
"{"client_id":"b26f8bf1444c7be5bfb060d5c9ba003d93da0a89"}","2017-10-23 11:34:32",3141-clwb-1300
"{"client_id":"c7ba5f2d56c731bb78d9da57c93775bfe8ceb79b"}","2017-10-23 11:34:32",3141-clwa-1100
"{"client_id":"d24f161d43d13c7c0ec9d57657fb8b83856beac1"}","2017-10-23 11:34:33",3141-clwc-1100
"{"client_id":"bcc3283da072800562560f35b39ba19ae9f0fa00"}","2017-10-23 11:34:33",3145-clwa-5019
"{"client_id":"4e5cbda75c5ba5eb93d07fb07d78cc644355d119"}","2017-10-23 11:34:33",3141-clwa-1420
"{"client_id":"3ddd6dd1f14f090a63f3b9434cfadb2a399389ee"}","2017-10-23 11:34:33",3142-clwa-2231
"{"client_id":"b0d3222b4a86f9767b3e30fc079d80a3653a8953"}","2017-10-23 11:34:35",3144-clwa-4039
"{"client_id":"8aca03c66b9bc3c62f7dc31d6a217f8155ef1bcb"}","2017-10-23 11:34:35",3141-clwa-1412
"{"client_id":"98f7187d7c9ec2ef42266e09127fb1dfd2c6dab2"}","2017-10-23 11:34:35",3141-clwa-1425
"{"client_id":"9250c1ef3e123844f45fbed0cac81c8358e14903"}","2017-10-23 11:34:35",3143-clwa-3051
"{"client_id":"c59f0137ab0fd9233248379da89c13a27f03cb27"}","2017-10-23 11:34:35",3141-clwa-1427
"{"client_id":"2b56d3b9c215194c7c02c4364ecdc735655612d7"}","2017-10-23 11:34:36",3141-clwc-1100
"{"client_id":"f91572d19e9426171051bbc3dea6bf75ea613bd2"}","2017-10-23 11:34:36",3141-clwc-1100
"{"client_id":"285129788edbefa5d910d464c2f8295a4d09aae9"}","2017-10-23 11:34:39",3141-clwb-1100
"{"client_id":"c00b12ca3041b9deab646886eab17739e96abf93"}","2017-10-23 11:34:39",3141-clwc-1100
"{"client_id":"4e5cbda75c5ba5eb93d07fb07d78cc644355d119"}","2017-10-23 11:34:40",3141-clwb-1300
"{"client_id":"1c96a9a1f314b636f296dcb8944173f00e471256"}","2017-10-23 11:34:40",3141-clwa-1412
"{"client_id":"64099c64d4817b11549c2f8be4b551c71f844ff5"}","2017-10-23 11:34:41",3144-clwa-4019
"{"client_id":"2d8a9351e6d14a0da3edbe13e0b25d69cd9aa144"}","2017-10-23 11:34:41",3145-clwa-5099
"{"client_id":"2b56d3b9c215194c7c02c4364ecdc735655612d7"}","2017-10-23 11:34:43",3141-clwc-1100
"{"client_id":"6fd10a34363a7fcc106d30f6d490c785140c4d54"}","2017-10-23 11:34:43",3146-clwa-6049
"{"client_id":"83979b7c21d7d58cf0befd76de961fd66d71c638"}","2017-10-23 11:34:44",3141-clwa-1300
"{"client_id":"a06e55eea9ac86ac41fe826e0c6d0855b3a289f9"}","2017-10-23 11:34:44",3141-clwc-1100
"{"client_id":"7c751eee0895494f0d4bf3e19a0ba7ef000cb357"}","2017-10-23 11:34:44",3142-clwa-2099
"{"client_id":"593bb5ea66d3825af39c41f055c2e21f92341853"}","2017-10-23 11:34:45",3141-clwa-1412
"{"client_id":"6fd10a34363a7fcc106d30f6d490c785140c4d54"}","2017-10-23 11:34:45",3146-clwa-6049
"{"client_id":"77c1dbcad9f2b211b3af193a75b06ff2ae664491"}","2017-10-23 11:34:46",3144-clwa-4039
"{"client_id":"c59f0137ab0fd9233248379da89c13a27f03cb27"}","2017-10-23 11:34:46",3141-clwa-1422
"{"client_id":"1acfc66fb1a8539c1958f5da201d10f8409f28c0"}","2017-10-23 11:34:47",3141-clwc-1100
"{"client_id":"931f6b453dd9e12103b613225ebf65957d62bbbe"}","2017-10-23 11:34:47",3141-clwb-1300
"{"client_id":"3ddd6dd1f14f090a63f3b9434cfadb2a399389ee"}","2017-10-23 11:34:47",3142-clwa-2051
"{"client_id":"4a245a9d31b4616f12ac715d839ffc166afad166"}","2017-10-23 11:34:47",3142-clwa-2051
"{"client_id":"210db6dbb4d00ea0c0eda0b65ebd3646da2ab348"}","2017-10-23 11:34:49",3141-clwc-1100
"{"client_id":"c59f0137ab0fd9233248379da89c13a27f03cb27"}","2017-10-23 11:34:49",3141-clwa-1412
"{"client_id":"b4e856bdee30ac93ce2daca3005dfbb5943cf496"}","2017-10-23 11:34:50",3141-clwc-1100
"{"client_id":"a77d36f1aeaf98caf3332efa44fe39ddb05ac4be"}","2017-10-23 11:34:50",3142-clwa-2059
"{"client_id":"7255bc81eccedd8c1c97eede4a12af59b7cd0cb5"}","2017-10-23 11:34:51",3141-clwa-1431
"{"client_id":"bf6e1a5abeeeced4a3376c070fb20577e79340b5"}","2017-10-23 11:34:51",3143-clwa-3051
"{"client_id":"8440f4abd62748337c9b3b11118b7541b645e233"}","2017-10-23 11:34:51",3144-clwa-4219
"{"client_id":"9733994bf6f0fbf3113c138ddebfea8c7148c9d1"}","2017-10-23 11:34:52",3141-clwe-1100
"{"client_id":"8440f4abd62748337c9b3b11118b7541b645e233"}","2017-10-23 11:34:52",3144-clwa-4219
"{"client_id":"e09bb1af9cf374f333e8c4522a34005508480c72"}","2017-10-23 11:34:53",3141-clwa-1433
"{"client_id":"c91d4f653cdf3b6e38429e17045969fbd4e60a86"}","2017-10-23 11:34:53",3141-clwa-1412
"{"client_id":"cef02d0feaedaaed988b55c331d0316dd7aab7cd"}","2017-10-23 11:34:53",3144-clwa-4219
"{"client_id":"c58183df4f9d60f54a7dd71969d6867fddbe703c"}","2017-10-23 11:34:53",3141-clwc-1100
"{"client_id":"64099c64d4817b11549c2f8be4b551c71f844ff5"}","2017-10-23 11:34:54",3144-clwa-4051
"{"client_id":"e5176d6ffef2b18bfef2ca071fdc3ba5f9868e9c"}","2017-10-23 11:34:54",3141-clwa-1100
"{"client_id":"d36877c678bbe5d91e7421fdb8a8ed2bba225ebb"}","2017-10-23 11:34:54",3141-clwb-1100
"{"client_id":"931f6b453dd9e12103b613225ebf65957d62bbbe"}","2017-10-23 11:34:54",3141-clwa-1200
"{"client_id":"d36877c678bbe5d91e7421fdb8a8ed2bba225ebb"}","2017-10-23 11:34:54",3141-clwb-1100
"{"client_id":"12d79954c52b82ce6c3674c29cb296de83dd10a2"}","2017-10-23 11:34:54",3141-clwc-1100
"{"client_id":"ab9b3ee2e3a6887cd1f360491ea1447d7417a00c"}","2017-10-23 11:34:55",3141-clwa-1425
"{"client_id":"8b238a3898e23c86a4ba3cbaa21338f04f657f5e"}","2017-10-23 11:34:55",3141-clwa-1100
"{"client_id":"fb50f80733b4af2727fa68a3e072d6ae4831db7a"}","2017-10-23 11:34:55",3141-clwa-1100
"{"client_id":"1cc9624c38ddb6af7adfc662d2b93970285226f4"}","2017-10-23 11:34:56",3141-clwa-1412
"{"client_id":"a865ce0924cf815dbf60c7234b1a855b245fa95f"}","2017-10-23 11:34:56",3144-clwa-4019
"{"client_id":"e6e6bc174c373039d0168d349ace2b40d8c87ec4"}","2017-10-23 11:34:56",3142-clwa-2019
"{"client_id":"1a25126427057c43b427fba63c23b2b44adde554"}","2017-10-23 11:34:56",3141-clwa-1412
"{"client_id":"12d79954c52b82ce6c3674c29cb296de83dd10a2"}","2017-10-23 11:34:57",3141-clwb-1100
"{"client_id":"c91d4f653cdf3b6e38429e17045969fbd4e60a86"}","2017-10-23 11:34:57",3141-clwa-1300
"{"client_id":"a865ce0924cf815dbf60c7234b1a855b245fa95f"}","2017-10-23 11:34:57",3144-clwa-4019
"{"client_id":"6aaf6c363748fe321967a284d0d561af70874a0f"}","2017-10-23 11:34:57",3141-clwc-1100
"{"client_id":"ad7f2cafa73eca0339a0de88d871243b9139f3a6"}","2017-10-23 11:34:58",3144-clwa-4051
"{"client_id":"7d4d5aa6b2bad87cc912540e44086677220b40db"}","2017-10-23 11:34:58",3143-clwa-3019
"{"client_id":"c3ad6187a2734de2f98a5902b223e62521576a25"}","2017-10-23 11:34:58",3141-clwc-1100
"{"client_id":"c59f0137ab0fd9233248379da89c13a27f03cb27"}","2017-10-23 11:34:58",3141-clwa-1422
"{"client_id":"b1bbf3a0200e3acbd05252300c6cfa06427e0138"}","2017-10-23 11:34:58",3141-clwb-1100
"{"client_id":"bf6e1a5abeeeced4a3376c070fb20577e79340b5"}","2017-10-23 11:34:58",3143-clwa-3019
"{"client_id":"3b77ed3c614148b1200db9421db5cfcf749dbf04"}","2017-10-23 11:34:58",3141-clwa-1200
"{"client_id":"d9b6edb4e62b353259dcd76758af2bc8a8b023de"}","2017-10-23 11:34:58",3141-clwa-1422
"{"client_id":"9f7262815d9d8bb4e90a8c61099c5afddf394790"}","2017-10-23 11:34:58",3141-clwb-1100
"{"client_id":"3b77ed3c614148b1200db9421db5cfcf749dbf04"}","2017-10-23 11:34:59",3141-clwa-1200
"{"client_id":"9da8505461dba7d40d2811f39d5b79c7aad7c39e"}","2017-10-23 11:34:59",3141-clwa-1100
"{"client_id":"ea1ee62b0675b7327980d924aff9876ae6c72fa2"}","2017-10-23 11:35:00",3141-clwe-1100
"{"client_id":"c84791b7cf1b7336833a97457fc32f14d5d4e17e"}","2017-10-23 11:35:00",3141-clwc-1100
"{"client_id":"7a60c2777f8de7fe3d666dc32c089777b704cf7f"}","2017-10-23 11:35:01",3141-clwc-1100
"{"client_id":"bb1f5dfd8690355ea933bb4d78e90ac74a62a9ef"}","2017-10-23 11:35:01",3141-clwd-1100
"{"client_id":"71e4c98cd85c99f7777519d14e80f8d94c718f14"}","2017-10-23 11:35:01",3144-clwa-4219
"{"client_id":"e6e6bc174c373039d0168d349ace2b40d8c87ec4"}","2017-10-23 11:35:01",3142-clwa-2051
"{"client_id":"d3a0be1f437e85ad6993c41367cc7e79b93ee4af"}","2017-10-23 11:35:02",3141-clwe-1100
"{"client_id":"434c3f6aca55d26ec9cad34fc3cd93696fc4d8fa"}","2017-10-23 11:35:02",3146-clwa-6122
"{"client_id":"facd726082fad45163f36f4006bf0751a36bcce2"}","2017-10-23 11:35:02",3142-clwa-2099
"{"client_id":"facd726082fad45163f36f4006bf0751a36bcce2"}","2017-10-23 11:35:02",3142-clwa-2099
"{"client_id":"38283a0b66aff92f56ddea822dfba16f38fdaa18"}","2017-10-23 11:35:04",3141-clwc-1100
"{"client_id":"50d515c71458bd2c60cf17200be1fd42713fa127"}","2017-10-23 11:35:04",3141-clwd-1100
"{"client_id":"c59f0137ab0fd9233248379da89c13a27f03cb27"}","2017-10-23 11:35:04",3141-clwa-1412
"{"client_id":"3aa1b1f85748606ea227b7bac0b5a080f68717d7"}","2017-10-23 11:35:05",3141-clwc-1100
"{"client_id":"434c3f6aca55d26ec9cad34fc3cd93696fc4d8fa"}","2017-10-23 11:35:05",3146-clwa-6122
"{"client_id":"d2ac6865c7bbe61234b3d8f16b9275dc8e0ad7cb"}","2017-10-23 11:35:05",3141-clwa-1100
"{"client_id":"5ede8b77038b3f2bd2712a35ae008b28a5622dd0"}","2017-10-23 11:35:05",3145-clwa-5209
"{"client_id":"680776a4b4b090b790f1e4f7d16af306b2e94d19"}","2017-10-23 11:35:06",3143-clwa-3065
"{"client_id":"50d515c71458bd2c60cf17200be1fd42713fa127"}","2017-10-23 11:35:06",3141-clwd-1100
"{"client_id":"bfed51a38f39d1ba733c104ba1902601fc702759"}","2017-10-23 11:35:06",3141-clwc-1100
"{"client_id":"83c3c99255f3b6fe11020a275afe986648a62f5d"}","2017-10-23 11:35:06",3141-clwe-1100
"{"client_id":"4535d9de7ccfeff10ce1fe5f461485da1958813a"}","2017-10-23 11:35:07",3146-clwa-6049
"{"client_id":"73b3936125d6723705ed1a1a109ff24c2625f765"}","2017-10-23 11:35:07",3143-clwa-3051
"{"client_id":"91d4bc85aea023234ff5123a2ff43e5dc7e689e6"}","2017-10-23 11:35:07",3142-clwa-2051
"{"client_id":"40eb997aadb3a52bae2a96d7a87d0234b77cf618"}","2017-10-23 11:35:09",3141-clwb-1100
"{"client_id":"9da8505461dba7d40d2811f39d5b79c7aad7c39e"}","2017-10-23 11:35:09",3141-clwa-1100
"{"client_id":"3aa1b1f85748606ea227b7bac0b5a080f68717d7"}","2017-10-23 11:35:09",3141-clwc-1100
"{"client_id":"4535d9de7ccfeff10ce1fe5f461485da1958813a"}","2017-10-23 11:35:09",3146-clwa-6049
"{"client_id":"680776a4b4b090b790f1e4f7d16af306b2e94d19"}","2017-10-23 11:35:11",3143-clwa-3065
"{"client_id":"266d2a1321171e09b6c21a849aeb2c6d554c1285"}","2017-10-23 11:35:11",3142-clwa-2059
"{"client_id":"cca324c53236f8c3edee0857c36d875c07dfba0a"}","2017-10-23 11:35:12",3141-clwa-1420
"{"client_id":"a487c07754bde676f3309baf02cf899d41df4754"}","2017-10-23 11:35:12",3146-clwa-6131
"{"client_id":"c4e04adfb8e3ea45c571268299fe33c8f12c43ba"}","2017-10-23 11:35:12",3141-clwa-1412
"{"client_id":"693f5dd2d60f991bdb0d04e8713c498458ff345c"}","2017-10-23 11:35:12",3141-clwa-1412
"{"client_id":"84c5792aa183b28700818a058bf15798faa08edf"}","2017-10-23 11:35:14",3141-clwb-1100
"{"client_id":"46ad1d991c56a79486c3e9cdcd68739437cc3e3c"}","2017-10-23 11:35:14",3141-clwe-1100
"{"client_id":"48ecceef568a51ab96d790fe017c0caf7b8e9b91"}","2017-10-23 11:35:16",3141-clwc-1100
"{"client_id":"9f7262815d9d8bb4e90a8c61099c5afddf394790"}","2017-10-23 11:35:16",3141-clwa-1300
"{"client_id":"9e12f3ff140a62039997ddb697312c75ff511050"}","2017-10-23 11:35:16",3142-clwa-2039
"{"client_id":"ea1ee62b0675b7327980d924aff9876ae6c72fa2"}","2017-10-23 11:35:17",3141-clwe-1100
"{"client_id":"8ccb9223655e3d7d226eebcee4f44bed63b43ec2"}","2017-10-23 11:35:17",3141-clwa-1420
"{"client_id":"c84791b7cf1b7336833a97457fc32f14d5d4e17e"}","2017-10-23 11:35:18",3141-clwc-1100
"{"client_id":"d10b479f4aea6bc07d151e97d5ad70c029827e3f"}","2017-10-23 11:35:18",3145-clwa-5231
"{"client_id":"38283a0b66aff92f56ddea822dfba16f38fdaa18"}","2017-10-23 11:35:19",3141-clwc-1100
"{"client_id":"8a2f41369b59edc12e4f0575adf7ba6b109aa7c2"}","2017-10-23 11:35:19",3142-clwa-2019
"{"client_id":"40eb997aadb3a52bae2a96d7a87d0234b77cf618"}","2017-10-23 11:35:20",3141-clwa-1300
"{"client_id":"2b56d3b9c215194c7c02c4364ecdc735655612d7"}","2017-10-23 11:35:20",3141-clwa-1100
"{"client_id":"53208832326b1b47897f181f52cc859e3bc4c00f"}","2017-10-23 11:35:20",3142-clwa-2051
"{"client_id":"8a2f41369b59edc12e4f0575adf7ba6b109aa7c2"}","2017-10-23 11:35:20",3142-clwa-2209
"{"client_id":"30e72b35513b3eb8f0bf21530b141cb65631257a"}","2017-10-23 11:35:21",3146-clwa-6049
"{"client_id":"ea1ee62b0675b7327980d924aff9876ae6c72fa2"}","2017-10-23 11:35:21",3141-clwd-1100
"{"client_id":"6aaf6c363748fe321967a284d0d561af70874a0f"}","2017-10-23 11:35:22",3141-clwc-1100
"{"client_id":"47a6ae4834b884ba1bd9b7872deb9da3937fc97a"}","2017-10-23 11:35:22",3144-clwa-4051
"{"client_id":"b26f8bf1444c7be5bfb060d5c9ba003d93da0a89"}","2017-10-23 11:35:22",3141-clwb-1300
"{"client_id":"0b6f3a9ddf5e93c198a12d37b72e9ca5e4867501"}","2017-10-23 11:35:23",3141-clwe-1100
"{"client_id":"210db6dbb4d00ea0c0eda0b65ebd3646da2ab348"}","2017-10-23 11:35:23",3141-clwe-1100
"{"client_id":"0482d7e8c805ad3c038253e8ab1d2320c6711c56"}","2017-10-23 11:35:24",3142-clwa-2039
"{"client_id":"9e12f3ff140a62039997ddb697312c75ff511050"}","2017-10-23 11:35:24",3142-clwa-2039
"{"client_id":"38283a0b66aff92f56ddea822dfba16f38fdaa18"}","2017-10-23 11:35:25",3141-clwc-1100
"{"client_id":"83c4b68a7e0f606d9f5c186402506e2dca2aadeb"}","2017-10-23 11:35:25",3143-clwa-3099
"{"client_id":"931f6b453dd9e12103b613225ebf65957d62bbbe"}","2017-10-23 11:35:26",3141-clwa-1200
"{"client_id":"b1bbf3a0200e3acbd05252300c6cfa06427e0138"}","2017-10-23 11:35:26",3141-clwc-1100
"{"client_id":"da7d0ec2e00f9e8fd49aa7345dcafdce28af94b5"}","2017-10-23 11:35:27",3141-clwc-1100
"{"client_id":"a2f797ba368216e40f49dd500a812baf890ad450"}","2017-10-23 11:35:27",3141-clwa-1300
"{"client_id":"5aec5cd601fbd43ef749b04cc50367d676405d99"}","2017-10-23 11:35:27",3141-clwa-1420
"{"client_id":"ee56fa982d8eb3c0a9ebb7c58695ce6b16f867be"}","2017-10-23 11:35:27",3141-clwa-1300
"{"client_id":"3aa1b1f85748606ea227b7bac0b5a080f68717d7"}","2017-10-23 11:35:28",3141-clwa-1100
"{"client_id":"dc3099b9a846996b7fb65fe41a252ba3120d8c9f"}","2017-10-23 11:35:28",3142-clwa-2219
"{"client_id":"74d92b3a1e0e9b000d9730cd0a031beba9be32dc"}","2017-10-23 11:35:29",3146-clwa-6131
"{"client_id":"004f4d2911b071608d8675578e1c1c9ebe591c45"}","2017-10-23 11:35:29",3141-clwa-1412
"{"client_id":"9ff61b53039509854f50fcb8c2de71d1a4e310bb"}","2017-10-23 11:35:29",3141-clwa-1431
"{"client_id":"bf6e1a5abeeeced4a3376c070fb20577e79340b5"}","2017-10-23 11:35:30",3144-clwa-4019
"{"client_id":"844a5c0a9d23415fefca166da34c3fee1cabb035"}","2017-10-23 11:35:30",3143-clwa-3039
"{"client_id":"9aef082f4d23d5a200e240ee6ed829af6a524336"}","2017-10-23 11:35:31",3141-clwc-1100
"{"client_id":"0850f9dd72171fb5f41c4414f86b77127cda0671"}","2017-10-23 11:35:31",3144-clwa-4059
"{"client_id":"383cfa095dab0694c9fab0c42ff32e5def6f9e7a"}","2017-10-23 11:35:33",3141-clwa-1412
"{"client_id":"e0679855a121fb82699997fff88786007fe4a754"}","2017-10-23 11:35:33",3141-clwe-1100
"{"client_id":"c91d4f653cdf3b6e38429e17045969fbd4e60a86"}","2017-10-23 11:35:33",3141-clwa-1412
"{"client_id":"a1ffcaa9832c7044308b4086ddece62fd1651e1e"}","2017-10-23 11:35:33",3141-clwe-1100
"{"client_id":"74d92b3a1e0e9b000d9730cd0a031beba9be32dc"}","2017-10-23 11:35:34",3146-clwa-6122
"{"client_id":"d10b479f4aea6bc07d151e97d5ad70c029827e3f"}","2017-10-23 11:35:34",3145-clwa-5231
"{"client_id":"b035e2f41eae9307cf653a715c479cd305ff8b26"}","2017-10-23 11:35:34",3145-clwa-5065
"{"client_id":"73ebb16584753770e32ed6d8ccc26317dadb5c05"}","2017-10-23 11:35:34",3141-clwb-1300
"{"client_id":"b0d3222b4a86f9767b3e30fc079d80a3653a8953"}","2017-10-23 11:35:35",3144-clwa-4039
"{"client_id":"b0d3222b4a86f9767b3e30fc079d80a3653a8953"}","2017-10-23 11:35:35",3143-clwa-3039
"{"client_id":"1fbec442350196c558dc71b83fcd0372f7f6f708"}","2017-10-23 11:35:35",3143-clwa-3099
"{"client_id":"bcc3283da072800562560f35b39ba19ae9f0fa00"}","2017-10-23 11:35:35",3145-clwa-5019
"{"client_id":"73b3936125d6723705ed1a1a109ff24c2625f765"}","2017-10-23 11:35:35",3143-clwa-3051
"{"client_id":"b0d3222b4a86f9767b3e30fc079d80a3653a8953"}","2017-10-23 11:35:37",3143-clwa-3039
"{"client_id":"74d92b3a1e0e9b000d9730cd0a031beba9be32dc"}","2017-10-23 11:35:37",3146-clwa-6131
"{"client_id":"8ccb9223655e3d7d226eebcee4f44bed63b43ec2"}","2017-10-23 11:35:37",3141-clwa-1412
"{"client_id":"22a50f464545e359dcde2e3c23f3ba36c309112d"}","2017-10-23 11:35:37",3141-clwd-1100
"{"client_id":"74d92b3a1e0e9b000d9730cd0a031beba9be32dc"}","2017-10-23 11:35:37",3146-clwa-6131
"{"client_id":"9ff61b53039509854f50fcb8c2de71d1a4e310bb"}","2017-10-23 11:35:37",3141-clwa-1429
"{"client_id":"bcc3283da072800562560f35b39ba19ae9f0fa00"}","2017-10-23 11:35:40",3145-clwa-5019
"{"client_id":"53e4c31955be9bef152d856a3cb0a64d2f69680c"}","2017-10-23 11:35:40",3142-clwa-2039
"{"client_id":"abd0ec13ab4e7fa8f651a62231e1b1a2d1c66d78"}","2017-10-23 11:35:41",3141-clwa-1429
"{"client_id":"e948143f2eb75473e456869c18cd55c7c1ff87f0"}","2017-10-23 11:35:41",3141-clwb-1100
"{"client_id":"de3cef605db4a8732036b0ed174f10f05d51402b"}","2017-10-23 11:35:41",3142-clwa-2099
"{"client_id":"c7ba5f2d56c731bb78d9da57c93775bfe8ceb79b"}","2017-10-23 11:35:42",3141-clwa-1100
"{"client_id":"cfc986f9e5a8fa557bf63366cb3579a8005f0c3c"}","2017-10-23 11:35:42",3142-clwa-2219
"{"client_id":"596b7a34ae9f95de1807efdad1d849bb9e7a5c6f"}","2017-10-23 11:35:44",3141-clwa-1100
"{"client_id":"e6e6bc174c373039d0168d349ace2b40d8c87ec4"}","2017-10-23 11:35:44",3142-clwa-2051
"{"client_id":"53e4c31955be9bef152d856a3cb0a64d2f69680c"}","2017-10-23 11:35:45",3142-clwa-2039
"{"client_id":"3ddd6dd1f14f090a63f3b9434cfadb2a399389ee"}","2017-10-23 11:35:45",3142-clwa-2059
"{"client_id":"6fd10a34363a7fcc106d30f6d490c785140c4d54"}","2017-10-23 11:35:46",3146-clwa-6049
"{"client_id":"e948143f2eb75473e456869c18cd55c7c1ff87f0"}","2017-10-23 11:35:46",3141-clwc-1100
"{"client_id":"189052ec1be25699c2708f6a3ea329607ae4ce43"}","2017-10-23 11:35:48",3141-clwa-1100
"{"client_id":"22a50f464545e359dcde2e3c23f3ba36c309112d"}","2017-10-23 11:35:48",3141-clwa-1100
"{"client_id":"9f7262815d9d8bb4e90a8c61099c5afddf394790"}","2017-10-23 11:35:48",3141-clwd-1100
"{"client_id":"75427a44ef3e071c459d4f093fde2239aea1f7a8"}","2017-10-23 11:35:48",3142-clwa-2099
"{"client_id":"3b3d184cbc89357d007ad7f3aff8288442d58be9"}","2017-10-23 11:35:49",3141-clwa-1422
"{"client_id":"7ddb500719d06c6a1693ba306c85c615d9100fe3"}","2017-10-23 11:35:49",3143-clwa-3019
"{"client_id":"6fd10a34363a7fcc106d30f6d490c785140c4d54"}","2017-10-23 11:35:49",3146-clwa-6122
"{"client_id":"c9eb274295da32a87ceff86d76289fc62578af9c"}","2017-10-23 11:35:49",3141-clwa-1422
"{"client_id":"cfc986f9e5a8fa557bf63366cb3579a8005f0c3c"}","2017-10-23 11:35:49",3142-clwa-2219
"{"client_id":"9ff61b53039509854f50fcb8c2de71d1a4e310bb"}","2017-10-23 11:35:50",3141-clwa-1422
"{"client_id":"3ddd6dd1f14f090a63f3b9434cfadb2a399389ee"}","2017-10-23 11:35:50",3141-clwa-1433
"{"client_id":"bc2338cd94e400dd30344898ac35f53901521ef7"}","2017-10-23 11:35:50",3141-clwc-1100
"{"client_id":"f84c07be334347150be9c9d578c66a4eaca4b56d"}","2017-10-23 11:35:50",3143-clwa-3209
"{"client_id":"c91d4f653cdf3b6e38429e17045969fbd4e60a86"}","2017-10-23 11:35:53",3141-clwa-1412
"{"client_id":"3c8578a4445f60433320dc9978e1471f3b7467b2"}","2017-10-23 11:35:53",3143-clwa-3099
"{"client_id":"8440f4abd62748337c9b3b11118b7541b645e233"}","2017-10-23 11:35:53",3144-clwa-4219
"{"client_id":"8440f4abd62748337c9b3b11118b7541b645e233"}","2017-10-23 11:35:53",3144-clwa-4219
"{"client_id":"d24f161d43d13c7c0ec9d57657fb8b83856beac1"}","2017-10-23 11:35:53",3141-clwe-1100
"{"client_id":"c58183df4f9d60f54a7dd71969d6867fddbe703c"}","2017-10-23 11:35:53",3141-clwc-1100
"{"client_id":"82a5ac172dc90597229e5ff933740932ae148a54"}","2017-10-23 11:35:53",3142-clwa-2065
"{"client_id":"7c4d7a1dbd175a583ffc96eeeb76fcd89ac0d403"}","2017-10-23 11:35:54",3141-clwe-1100
"{"client_id":"53208832326b1b47897f181f52cc859e3bc4c00f"}","2017-10-23 11:35:54",3142-clwa-2099
"{"client_id":"210db6dbb4d00ea0c0eda0b65ebd3646da2ab348"}","2017-10-23 11:35:55",3141-clwa-1100
"{"client_id":"cef02d0feaedaaed988b55c331d0316dd7aab7cd"}","2017-10-23 11:35:55",3144-clwa-4219
"{"client_id":"593bb5ea66d3825af39c41f055c2e21f92341853"}","2017-10-23 11:35:55",3141-clwa-1412
"{"client_id":"f17c114b8a485aef4d055c6fd47f0b75472bed09"}","2017-10-23 11:35:55",3141-clwa-1100
"{"client_id":"dc3099b9a846996b7fb65fe41a252ba3120d8c9f"}","2017-10-23 11:35:55",3141-clwa-1100
"{"client_id":"e5176d6ffef2b18bfef2ca071fdc3ba5f9868e9c"}","2017-10-23 11:35:55",3141-clwa-1100
"{"client_id":"e5176d6ffef2b18bfef2ca071fdc3ba5f9868e9c"}","2017-10-23 11:35:56",3141-clwa-1100
"{"client_id":"266d2a1321171e09b6c21a849aeb2c6d554c1285"}","2017-10-23 11:35:56",3142-clwa-2231
"{"client_id":"4b2a09745b367b2e824bc4e7d203d86ad07a31ca"}","2017-10-23 11:35:57",3141-clwa-1412
"{"client_id":"c3ad6187a2734de2f98a5902b223e62521576a25"}","2017-10-23 11:35:57",3141-clwa-1100
"{"client_id":"9f7262815d9d8bb4e90a8c61099c5afddf394790"}","2017-10-23 11:35:57",3141-clwa-1300
"{"client_id":"e6e6bc174c373039d0168d349ace2b40d8c87ec4"}","2017-10-23 11:35:57",3142-clwa-2059
"{"client_id":"77c1dbcad9f2b211b3af193a75b06ff2ae664491"}","2017-10-23 11:35:59",3144-clwa-4051
"{"client_id":"a71524a02de9a41256f8d9992a8aa7bd5c784b00"}","2017-10-23 11:35:59",3142-clwa-2019
"{"client_id":"d9b6edb4e62b353259dcd76758af2bc8a8b023de"}","2017-10-23 11:35:59",3141-clwa-1422
"{"client_id":"0344f1e388247a36c1d3fc92f293b830c30462e4"}","2017-10-23 11:35:59",3141-clwa-1420
"{"client_id":"3f71c70f349fc61e5c354d0aa2fc6bbbf326027f"}","2017-10-23 11:35:59",3142-clwa-2019
"{"client_id":"f17c114b8a485aef4d055c6fd47f0b75472bed09"}","2017-10-23 11:36:00",3141-clwc-1100
"{"client_id":"77c1dbcad9f2b211b3af193a75b06ff2ae664491"}","2017-10-23 11:36:00",3144-clwa-4051
"{"client_id":"71e4c98cd85c99f7777519d14e80f8d94c718f14"}","2017-10-23 11:36:00",3144-clwa-4219
"{"client_id":"383cfa095dab0694c9fab0c42ff32e5def6f9e7a"}","2017-10-23 11:36:00",3141-clwa-1425
"{"client_id":"d9b6edb4e62b353259dcd76758af2bc8a8b023de"}","2017-10-23 11:36:00",3141-clwa-1422
"{"client_id":"e6e6bc174c373039d0168d349ace2b40d8c87ec4"}","2017-10-23 11:36:00",3142-clwa-2099
"{"client_id":"1a924374b6d75487287e030165e83485ef11efdc"}","2017-10-23 11:36:02",3141-clwa-1300
"{"client_id":"fb50f80733b4af2727fa68a3e072d6ae4831db7a"}","2017-10-23 11:36:02",3141-clwa-1100
"{"client_id":"69c848d0cfb327d10ddc4b30c6d4c966a2d8eedb"}","2017-10-23 11:36:02",3142-clwa-2099
"{"client_id":"4a245a9d31b4616f12ac715d839ffc166afad166"}","2017-10-23 11:36:02",3142-clwa-2059
"{"client_id":"9ff61b53039509854f50fcb8c2de71d1a4e310bb"}","2017-10-23 11:36:03",3141-clwa-1412
"{"client_id":"e5176d6ffef2b18bfef2ca071fdc3ba5f9868e9c"}","2017-10-23 11:36:03",3141-clwd-1100
"{"client_id":"266d2a1321171e09b6c21a849aeb2c6d554c1285"}","2017-10-23 11:36:03",3142-clwa-2039
"{"client_id":"1a924374b6d75487287e030165e83485ef11efdc"}","2017-10-23 11:36:05",3141-clwa-1412
"{"client_id":"bf6e1a5abeeeced4a3376c070fb20577e79340b5"}","2017-10-23 11:36:05",3144-clwa-4051
"{"client_id":"38283a0b66aff92f56ddea822dfba16f38fdaa18"}","2017-10-23 11:36:06",3141-clwc-1100
"{"client_id":"3e7904e06bae5ec7eb33d39e976187a1ceffb603"}","2017-10-23 11:36:06",3141-clwa-1300
"{"client_id":"907a3df447e8418a6e3b54bd026c83176cd15335"}","2017-10-23 11:36:06",3141-clwa-1200
"{"client_id":"434c3f6aca55d26ec9cad34fc3cd93696fc4d8fa"}","2017-10-23 11:36:06",3146-clwa-6122
"{"client_id":"8c4cc97f9927512ab7b19cbb0b66b6bb499ee722"}","2017-10-23 11:36:06",3141-clwe-1100
"{"client_id":"4d18de10d8340e1d1cd2be5bb4da7e4885ceb51a"}","2017-10-23 11:36:06",3141-clwc-1100
"{"client_id":"8ca14336018abb33090eca4fd46d3a3c5cbf11c3"}","2017-10-23 11:36:08",3141-clwd-1100
"{"client_id":"8ca14336018abb33090eca4fd46d3a3c5cbf11c3"}","2017-10-23 11:36:08",3141-clwd-1100
"{"client_id":"48ecceef568a51ab96d790fe017c0caf7b8e9b91"}","2017-10-23 11:36:08",3141-clwa-1100
"{"client_id":"a1ffcaa9832c7044308b4086ddece62fd1651e1e"}","2017-10-23 11:36:09",3141-clwd-1100
"{"client_id":"83c3c99255f3b6fe11020a275afe986648a62f5d"}","2017-10-23 11:36:09",3141-clwe-1100
"{"client_id":"66dd13f7055505edade724afe4f283e0a879c7bd"}","2017-10-23 11:36:09",3141-clwe-1100
"{"client_id":"a71524a02de9a41256f8d9992a8aa7bd5c784b00"}","2017-10-23 11:36:09",3142-clwa-2051
"{"client_id":"434c3f6aca55d26ec9cad34fc3cd93696fc4d8fa"}","2017-10-23 11:36:10",3146-clwa-6122
"{"client_id":"9a17c23605ac38edc8eba1589bd4e2c89d1e8aeb"}","2017-10-23 11:36:10",3144-clwa-4099
"{"client_id":"1a924374b6d75487287e030165e83485ef11efdc"}","2017-10-23 11:36:10",3141-clwb-1300
"{"client_id":"266d2a1321171e09b6c21a849aeb2c6d554c1285"}","2017-10-23 11:36:10",3142-clwa-2051
"{"client_id":"680776a4b4b090b790f1e4f7d16af306b2e94d19"}","2017-10-23 11:36:11",3143-clwa-3065
"{"client_id":"1bb0a4736e699c05c3c4ae4e664a6318f41e4ef8"}","2017-10-23 11:36:11",3142-clwa-2051
"{"client_id":"f0137a85951c8ace77d222112b8e4f523eee362e"}","2017-10-23 11:36:12",3141-clwa-1300
"{"client_id":"b8955c52032901114e2670465679390695c0b417"}","2017-10-23 11:36:12",3143-clwa-3099
"{"client_id":"8e627e51c603873827b87fbe1e6e7bc94f301ef4"}","2017-10-23 11:36:13",3141-clwa-1422
"{"client_id":"83c3c99255f3b6fe11020a275afe986648a62f5d"}","2017-10-23 11:36:13",3141-clwc-1100
"{"client_id":"1b6f12cec1454ff8a90cfac6ce230861785e3b12"}","2017-10-23 11:36:13",3141-clwa-1427
"{"client_id":"8e627e51c603873827b87fbe1e6e7bc94f301ef4"}","2017-10-23 11:36:14",3141-clwa-1422
"{"client_id":"95774bd13c5e93f5e05c951793e8e2d020de5629"}","2017-10-23 11:36:14",3141-clwc-1100
"{"client_id":"266c1f09d2bb38fb7ee383e17d13515b1e49aee8"}","2017-10-23 11:36:15",3141-clwa-1422
"{"client_id":"3bf8131f8fde7c0d0bf515e0208d564b86b90185"}","2017-10-23 11:36:15",3141-clwc-1100
"{"client_id":"d36877c678bbe5d91e7421fdb8a8ed2bba225ebb"}","2017-10-23 11:36:16",3141-clwb-1100
"{"client_id":"680776a4b4b090b790f1e4f7d16af306b2e94d19"}","2017-10-23 11:36:16",3143-clwa-3065
"{"client_id":"98a5487014d155e1c726f2c1dffb3d3a21ef1c6b"}","2017-10-23 11:36:17",3141-clwa-1100
"{"client_id":"98a5487014d155e1c726f2c1dffb3d3a21ef1c6b"}","2017-10-23 11:36:17",3141-clwa-1100
"{"client_id":"b8bd7f62885cc48ffcefc1e36c2de8e6c3d4d32f"}","2017-10-23 11:36:19",3141-clwa-1431
"{"client_id":"1a924374b6d75487287e030165e83485ef11efdc"}","2017-10-23 11:36:19",3141-clwa-1200
"{"client_id":"1a924374b6d75487287e030165e83485ef11efdc"}","2017-10-23 11:36:19",3141-clwa-1300
"{"client_id":"d24f161d43d13c7c0ec9d57657fb8b83856beac1"}","2017-10-23 11:36:19",3141-clwd-1100
"{"client_id":"8a2f41369b59edc12e4f0575adf7ba6b109aa7c2"}","2017-10-23 11:36:19",3142-clwa-2209
"{"client_id":"b26f8bf1444c7be5bfb060d5c9ba003d93da0a89"}","2017-10-23 11:36:20",3141-clwa-1300
"{"client_id":"d89f4c6c2770dc7438362c8f1579defa6f3fb278"}","2017-10-23 11:36:20",3141-clwa-1412
"{"client_id":"8a2f41369b59edc12e4f0575adf7ba6b109aa7c2"}","2017-10-23 11:36:20",3142-clwa-2019
"{"client_id":"a134bc3f917cefc0ac71e06f05f09715d24c5c69"}","2017-10-23 11:36:20",3145-clwa-5231
"{"client_id":"9f7262815d9d8bb4e90a8c61099c5afddf394790"}","2017-10-23 11:36:21",3141-clwb-1100
"{"client_id":"dc65318d09c52c4aa9d157ea6f45bcd9eabc1a8d"}","2017-10-23 11:36:21",3141-clwc-1100
"{"client_id":"7255bc81eccedd8c1c97eede4a12af59b7cd0cb5"}","2017-10-23 11:36:24",3141-clwa-1433
"{"client_id":"648d77e98c20d96c476ae0fc5b8872a9bdba18f5"}","2017-10-23 11:36:24",3143-clwa-3019
"{"client_id":"4b2a09745b367b2e824bc4e7d203d86ad07a31ca"}","2017-10-23 11:36:25",3141-clwa-1427
"{"client_id":"693f5dd2d60f991bdb0d04e8713c498458ff345c"}","2017-10-23 11:36:25",3144-clwa-4051
"{"client_id":"8440d5e0c608913dedd3784933010e18abbee5f0"}","2017-10-23 11:36:26",3146-clwa-6219
"{"client_id":"3f71c70f349fc61e5c354d0aa2fc6bbbf326027f"}","2017-10-23 11:36:26",3141-clwa-1412
"{"client_id":"25d48161e26a4e726e1a13c3a972c6123cf2c1d4"}","2017-10-23 11:36:26",3141-clwd-1100
"{"client_id":"73b3936125d6723705ed1a1a109ff24c2625f765"}","2017-10-23 11:36:26",3143-clwa-3039
"{"client_id":"ee56fa982d8eb3c0a9ebb7c58695ce6b16f867be"}","2017-10-23 11:36:26",3141-clwa-1300
"{"client_id":"16f4ccf5224c60d187f0b980d8a3aa87e93fb999"}","2017-10-23 11:36:26",3141-clwa-1420
"{"client_id":"07ca3410a8cfc7df3fa38dee244db80e9e22163b"}","2017-10-23 11:36:27",3146-clwa-6011
"{"client_id":"997d6e139702effcaa2af3863ea50109a21c308a"}","2017-10-23 11:36:27",3146-clwa-6049
"{"client_id":"8ccb9223655e3d7d226eebcee4f44bed63b43ec2"}","2017-10-23 11:36:27",3141-clwa-1420
"{"client_id":"07ca3410a8cfc7df3fa38dee244db80e9e22163b"}","2017-10-23 11:36:28",3146-clwa-6219
"{"client_id":"50d515c71458bd2c60cf17200be1fd42713fa127"}","2017-10-23 11:36:28",3141-clwe-1100
"{"client_id":"32b13a72915af9bc28ae852822ff91f630c110ae"}","2017-10-23 11:36:28",3141-clwc-1100
"{"client_id":"3ddd6dd1f14f090a63f3b9434cfadb2a399389ee"}","2017-10-23 11:36:28",3142-clwa-2099
"{"client_id":"4b2317de27c4982d76f019dba4bb3be65d9b5e6e"}","2017-10-23 11:36:30",3144-clwa-4209
"{"client_id":"32b13a72915af9bc28ae852822ff91f630c110ae"}","2017-10-23 11:36:30",3141-clwc-1100
"{"client_id":"9f7262815d9d8bb4e90a8c61099c5afddf394790"}","2017-10-23 11:36:30",3141-clwe-1100
"{"client_id":"30a55e5340caeace5c35bd0f23c82226eb1e63e3"}","2017-10-23 11:36:30",3141-clwe-1100
"{"client_id":"64099c64d4817b11549c2f8be4b551c71f844ff5"}","2017-10-23 11:36:30",3144-clwa-4099
"{"client_id":"c3aad8cf6280621da86c10880d8c694114c329d3"}","2017-10-23 11:36:30",3142-clwa-2099
"{"client_id":"c00b12ca3041b9deab646886eab17739e96abf93"}","2017-10-23 11:36:31",3141-clwc-1100
"{"client_id":"1b34d7bbcd96174c26a484af784d8007f1aa85ee"}","2017-10-23 11:36:32",3141-clwa-1433
"{"client_id":"8a0948a089c19eca34bd2856ecd029eb1fb4c91e"}","2017-10-23 11:36:32",3141-clwc-1100
"{"client_id":"9250c1ef3e123844f45fbed0cac81c8358e14903"}","2017-10-23 11:36:32",3143-clwa-3051
"{"client_id":"4e43d9e22f3441ffb203655c5f93a5471135fc57"}","2017-10-23 11:36:32",3142-clwa-2065
"{"client_id":"285129788edbefa5d910d464c2f8295a4d09aae9"}","2017-10-23 11:36:34",3141-clwb-1100
"{"client_id":"73b3936125d6723705ed1a1a109ff24c2625f765"}","2017-10-23 11:36:34",3143-clwa-3051
"{"client_id":"96902653f4a2f2b9ffe565ef425f94b694d4bf8c"}","2017-10-23 11:36:34",3141-clwa-1431
"{"client_id":"c1d2ae10aeff12591ba649f33784d15d64398340"}","2017-10-23 11:36:34",3141-clwa-1412
"{"client_id":"5f57eeba45abdabb2573ebac92796bf6b8d0ff2c"}","2017-10-23 11:36:35",3141-clwc-1100
"{"client_id":"5f57eeba45abdabb2573ebac92796bf6b8d0ff2c"}","2017-10-23 11:36:35",3141-clwc-1100
"{"client_id":"c7ba5f2d56c731bb78d9da57c93775bfe8ceb79b"}","2017-10-23 11:36:36",3141-clwc-1100
"{"client_id":"9fa6cc835d919ed7a38778ee0bc9e9c5f59f68a1"}","2017-10-23 11:36:36",3141-clwb-1100
"{"client_id":"9fa6cc835d919ed7a38778ee0bc9e9c5f59f68a1"}","2017-10-23 11:36:36",3141-clwb-1100
"{"client_id":"cb741e7b0c1f9976f3d5c512b5669dd3ca2084e9"}","2017-10-23 11:36:36",3141-clwd-1100
"{"client_id":"9ff61b53039509854f50fcb8c2de71d1a4e310bb"}","2017-10-23 11:36:36",3141-clwa-1422
"{"client_id":"b0d3222b4a86f9767b3e30fc079d80a3653a8953"}","2017-10-23 11:36:38",3143-clwa-3039
"{"client_id":"ee957773d8bd1a5c1c153cdbb7ffb70aa272403e"}","2017-10-23 11:36:38",3141-clwc-1100
"{"client_id":"b0d3222b4a86f9767b3e30fc079d80a3653a8953"}","2017-10-23 11:36:38",3143-clwa-3039
"{"client_id":"189052ec1be25699c2708f6a3ea329607ae4ce43"}","2017-10-23 11:36:38",3141-clwc-1100
"{"client_id":"d316b7484eda0cac84a7ac52178ee285c2f9f304"}","2017-10-23 11:36:38",3141-clwe-1100
"{"client_id":"b0d3222b4a86f9767b3e30fc079d80a3653a8953"}","2017-10-23 11:36:38",3143-clwa-3039
"{"client_id":"bcc3283da072800562560f35b39ba19ae9f0fa00"}","2017-10-23 11:36:39",3145-clwa-5019
"{"client_id":"0344f1e388247a36c1d3fc92f293b830c30462e4"}","2017-10-23 11:36:40",3141-clwa-1422
"{"client_id":"5f57eeba45abdabb2573ebac92796bf6b8d0ff2c"}","2017-10-23 11:36:40",3141-clwc-1100
"{"client_id":"1bb0a4736e699c05c3c4ae4e664a6318f41e4ef8"}","2017-10-23 11:36:40",3143-clwa-3019
"{"client_id":"9818b177928f7aad611fd4324575350b25570239"}","2017-10-23 11:36:40",3141-clwc-1100
"{"client_id":"de3cef605db4a8732036b0ed174f10f05d51402b"}","2017-10-23 11:36:41",3142-clwa-2099
"{"client_id":"a08ba1849e772339beb4fbe3a00b7711d869b1e5"}","2017-10-23 11:36:41",3146-clwa-6131
"{"client_id":"e85320bfc9eb6b9cd43191b14f69467673568c34"}","2017-10-23 11:36:42",3141-clwa-1433
"{"client_id":"9250c1ef3e123844f45fbed0cac81c8358e14903"}","2017-10-23 11:36:42",3143-clwa-3051
"{"client_id":"b0d3222b4a86f9767b3e30fc079d80a3653a8953"}","2017-10-23 11:36:42",3143-clwa-3039
"{"client_id":"f13afd52c513a04afd941a5ca41486665bd6c334"}","2017-10-23 11:36:42",3141-clwb-1100
"{"client_id":"c7ba5f2d56c731bb78d9da57c93775bfe8ceb79b"}","2017-10-23 11:36:43",3141-clwa-1100
"{"client_id":"bcc3283da072800562560f35b39ba19ae9f0fa00"}","2017-10-23 11:36:43",3145-clwa-5019
"{"client_id":"66dd13f7055505edade724afe4f283e0a879c7bd"}","2017-10-23 11:36:44",3141-clwc-1100
"{"client_id":"63ecf006956d02f83109b6d51cf5c31d801870d5"}","2017-10-23 11:36:44",3141-clwb-1300
"{"client_id":"83c3c99255f3b6fe11020a275afe986648a62f5d"}","2017-10-23 11:36:46",3141-clwa-1200
"{"client_id":"0e0a48f6b130d0dbffc75b6be7528733131baaab"}","2017-10-23 11:36:46",3141-clwa-1100
"{"client_id":"cfc986f9e5a8fa557bf63366cb3579a8005f0c3c"}","2017-10-23 11:36:48",3142-clwa-2219
"{"client_id":"103fe801a1fa81ab7632b03301ff0d25673aff27"}","2017-10-23 11:36:50",3141-clwa-1433
"{"client_id":"4b2317de27c4982d76f019dba4bb3be65d9b5e6e"}","2017-10-23 11:36:50",3144-clwa-4209
"{"client_id":"6fd10a34363a7fcc106d30f6d490c785140c4d54"}","2017-10-23 11:36:50",3146-clwa-6122
"{"client_id":"d9d25a32a91a0d68c602167d70530d8e8c3dfdca"}","2017-10-23 11:36:50",3143-clwa-3059
"{"client_id":"d24f161d43d13c7c0ec9d57657fb8b83856beac1"}","2017-10-23 11:36:50",3141-clwe-1100
"{"client_id":"d9d25a32a91a0d68c602167d70530d8e8c3dfdca"}","2017-10-23 11:36:50",3143-clwa-3059
"{"client_id":"a06e55eea9ac86ac41fe826e0c6d0855b3a289f9"}","2017-10-23 11:36:53",3141-clwc-1100
"{"client_id":"6fd10a34363a7fcc106d30f6d490c785140c4d54"}","2017-10-23 11:36:53",3146-clwa-6122
"{"client_id":"bfb40f9a54fe28c5b9c25f0872e11e7207fcc92d"}","2017-10-23 11:36:53",3141-clwa-1425
"{"client_id":"7a60c2777f8de7fe3d666dc32c089777b704cf7f"}","2017-10-23 11:36:53",3141-clwe-1100
"{"client_id":"96902653f4a2f2b9ffe565ef425f94b694d4bf8c"}","2017-10-23 11:36:54",3141-clwa-1427
"{"client_id":"8440f4abd62748337c9b3b11118b7541b645e233"}","2017-10-23 11:36:54",3144-clwa-4219
"{"client_id":"96902653f4a2f2b9ffe565ef425f94b694d4bf8c"}","2017-10-23 11:36:54",3141-clwa-1427
"{"client_id":"07ca3410a8cfc7df3fa38dee244db80e9e22163b"}","2017-10-23 11:36:55",3146-clwa-6011
"{"client_id":"84c5792aa183b28700818a058bf15798faa08edf"}","2017-10-23 11:36:55",3141-clwa-1300
"{"client_id":"f91572d19e9426171051bbc3dea6bf75ea613bd2"}","2017-10-23 11:36:56",3141-clwc-1100
"{"client_id":"8440f4abd62748337c9b3b11118b7541b645e233"}","2017-10-23 11:36:56",3144-clwa-4219
"{"client_id":"844a5c0a9d23415fefca166da34c3fee1cabb035"}","2017-10-23 11:36:57",3143-clwa-3051
"{"client_id":"d316b7484eda0cac84a7ac52178ee285c2f9f304"}","2017-10-23 11:36:57",3141-clwe-1100
"{"client_id":"844a5c0a9d23415fefca166da34c3fee1cabb035"}","2017-10-23 11:36:59",3143-clwa-3039
"{"client_id":"e1c21dbed5972266b94b99496263824ba01ee09a"}","2017-10-23 11:36:59",3141-clwa-1100
"{"client_id":"cef02d0feaedaaed988b55c331d0316dd7aab7cd"}","2017-10-23 11:36:59",3144-clwa-4219
"{"client_id":"3b1f3008775bf6c31472b8a4978fe85d23c38bf9"}","2017-10-23 11:36:59",3141-clwe-1100
"{"client_id":"20f9c0edc6a902097b4022da50354c8750ea3a2b"}","2017-10-23 11:37:00",3143-clwa-3059
"{"client_id":"0332f68773bbe88087f1633430892941419481ee"}","2017-10-23 11:37:00",3141-clwc-1100
"{"client_id":"20f9c0edc6a902097b4022da50354c8750ea3a2b"}","2017-10-23 11:37:00",3143-clwa-3059
"{"client_id":"dfae202f53dcd04108947660cebc093b3d148ee7"}","2017-10-23 11:37:00",3141-clwa-1420
"{"client_id":"d9b6edb4e62b353259dcd76758af2bc8a8b023de"}","2017-10-23 11:37:00",3141-clwa-1422
"{"client_id":"1a25126427057c43b427fba63c23b2b44adde554"}","2017-10-23 11:37:01",3141-clwa-1420
"{"client_id":"997d6e139702effcaa2af3863ea50109a21c308a"}","2017-10-23 11:37:01",3146-clwa-6049
"{"client_id":"e948143f2eb75473e456869c18cd55c7c1ff87f0"}","2017-10-23 11:37:01",3141-clwb-1100
"{"client_id":"1a924374b6d75487287e030165e83485ef11efdc"}","2017-10-23 11:37:01",3141-clwb-1100
"{"client_id":"5f2cb05f1cbc6583b7bb6a7f3fc6e24260edf64f"}","2017-10-23 11:37:01",3146-clwa-6029
"{"client_id":"71e4c98cd85c99f7777519d14e80f8d94c718f14"}","2017-10-23 11:37:01",3144-clwa-4219
"{"client_id":"38283a0b66aff92f56ddea822dfba16f38fdaa18"}","2017-10-23 11:37:02",3141-clwc-1100
"{"client_id":"d316b7484eda0cac84a7ac52178ee285c2f9f304"}","2017-10-23 11:37:02",3141-clwe-1100
"{"client_id":"e5176d6ffef2b18bfef2ca071fdc3ba5f9868e9c"}","2017-10-23 11:37:03",3141-clwd-1100
"{"client_id":"4afc5c98183ce9852439db0227d61a970221ba11"}","2017-10-23 11:37:03",3141-clwa-1423
"{"client_id":"4b2317de27c4982d76f019dba4bb3be65d9b5e6e"}","2017-10-23 11:37:03",3144-clwa-4209
"{"client_id":"e5176d6ffef2b18bfef2ca071fdc3ba5f9868e9c"}","2017-10-23 11:37:03",3141-clwd-1100
"{"client_id":"a1ffcaa9832c7044308b4086ddece62fd1651e1e"}","2017-10-23 11:37:04",3141-clwd-1100
"{"client_id":"e1c21dbed5972266b94b99496263824ba01ee09a"}","2017-10-23 11:37:04",3141-clwb-1100
"{"client_id":"162a536aee3d5e30bbdd0ce5f563059c416df8b4"}","2017-10-23 11:37:04",3145-clwa-5059
"{"client_id":"99298de75c6436fc1539300c867e7fd52c5aa621"}","2017-10-23 11:37:05",3144-clwa-4019
"{"client_id":"9da8505461dba7d40d2811f39d5b79c7aad7c39e"}","2017-10-23 11:37:05",3141-clwa-1100
"{"client_id":"a7d58cfe326699a70a9a602d329de0b1f0d56c86"}","2017-10-23 11:37:05",3141-clwa-1433
"{"client_id":"110e948a54b6e3d889ea663c409eb45788cbe477"}","2017-10-23 11:37:05",3141-clwa-1300
"{"client_id":"7673f34480acf9ad71ec7e38063d2d662bfd24f3"}","2017-10-23 11:37:08",3141-clwa-1425
"{"client_id":"4b2317de27c4982d76f019dba4bb3be65d9b5e6e"}","2017-10-23 11:37:08",3144-clwa-4209
"{"client_id":"d24f161d43d13c7c0ec9d57657fb8b83856beac1"}","2017-10-23 11:37:08",3141-clwc-1100
"{"client_id":"64099c64d4817b11549c2f8be4b551c71f844ff5"}","2017-10-23 11:37:08",3142-clwa-2065
"{"client_id":"693f5dd2d60f991bdb0d04e8713c498458ff345c"}","2017-10-23 11:37:09",3144-clwa-4019
"{"client_id":"bf6e1a5abeeeced4a3376c070fb20577e79340b5"}","2017-10-23 11:37:09",3144-clwa-4059
"{"client_id":"a1ffcaa9832c7044308b4086ddece62fd1651e1e"}","2017-10-23 11:37:10",3141-clwe-1100
"{"client_id":"b26f8bf1444c7be5bfb060d5c9ba003d93da0a89"}","2017-10-23 11:37:10",3141-clwb-1300
"{"client_id":"434c3f6aca55d26ec9cad34fc3cd93696fc4d8fa"}","2017-10-23 11:37:10",3146-clwa-6122
"{"client_id":"77c1dbcad9f2b211b3af193a75b06ff2ae664491"}","2017-10-23 11:37:12",3145-clwa-5019
"{"client_id":"c0c9e34eb7a2d17ea4a2ebd7ee4c00293cc24996"}","2017-10-23 11:37:12",3142-clwa-2099
"{"client_id":"52f342c6aa0758e6de3ea247940dc12e5ba355d1"}","2017-10-23 11:37:13",3141-clwa-1429
"{"client_id":"e16d9024f55241601127915b13495c934c2201f4"}","2017-10-23 11:37:13",3141-clwa-1100
"{"client_id":"434c3f6aca55d26ec9cad34fc3cd93696fc4d8fa"}","2017-10-23 11:37:14",3146-clwa-6122
"{"client_id":"e09bb1af9cf374f333e8c4522a34005508480c72"}","2017-10-23 11:37:14",3141-clwa-1433
"{"client_id":"4afc5c98183ce9852439db0227d61a970221ba11"}","2017-10-23 11:37:15",3141-clwa-1427
"{"client_id":"680776a4b4b090b790f1e4f7d16af306b2e94d19"}","2017-10-23 11:37:15",3143-clwa-3065
"{"client_id":"77c1dbcad9f2b211b3af193a75b06ff2ae664491"}","2017-10-23 11:37:16",3144-clwa-4019
"{"client_id":"77c1dbcad9f2b211b3af193a75b06ff2ae664491"}","2017-10-23 11:37:16",3144-clwa-4019
"{"client_id":"b26f8bf1444c7be5bfb060d5c9ba003d93da0a89"}","2017-10-23 11:37:18",3141-clwa-1300
"{"client_id":"4afc5c98183ce9852439db0227d61a970221ba11"}","2017-10-23 11:37:18",3141-clwa-1423
"{"client_id":"c1944efd4a63e8bdc24b2f89e62e0a26281bc4ba"}","2017-10-23 11:37:18",3141-clwa-1100
"{"client_id":"680776a4b4b090b790f1e4f7d16af306b2e94d19"}","2017-10-23 11:37:18",3143-clwa-3065
"{"client_id":"757491ec79d171d7ec97bc08f59a803642c44085"}","2017-10-23 11:37:18",3145-clwa-5065
"{"client_id":"1a25126427057c43b427fba63c23b2b44adde554"}","2017-10-23 11:37:19",3141-clwa-1412
"{"client_id":"757491ec79d171d7ec97bc08f59a803642c44085"}","2017-10-23 11:37:19",3145-clwa-5065
"{"client_id":"1b6f12cec1454ff8a90cfac6ce230861785e3b12"}","2017-10-23 11:37:20",3141-clwa-1425
"{"client_id":"8a2f41369b59edc12e4f0575adf7ba6b109aa7c2"}","2017-10-23 11:37:20",3142-clwa-2019
"{"client_id":"77c1dbcad9f2b211b3af193a75b06ff2ae664491"}","2017-10-23 11:37:22",3144-clwa-4209
"{"client_id":"8a2f41369b59edc12e4f0575adf7ba6b109aa7c2"}","2017-10-23 11:37:22",3142-clwa-2019
"{"client_id":"ca6872575f046dd014f5cca86c7042db473510b5"}","2017-10-23 11:37:22",3142-clwa-2039
"{"client_id":"b57e942db2a0e8f36a64a916ec0e9b0c99063692"}","2017-10-23 11:37:22",3145-clwa-5099
"{"client_id":"552464969b6d295327dfa0585a7d3c099c6e4630"}","2017-10-23 11:37:23",3141-clwa-1100
"{"client_id":"44fdce27f5935f3eead4cd48772583892a70f7c0"}","2017-10-23 11:37:23",3141-clwa-1200
"{"client_id":"c00b12ca3041b9deab646886eab17739e96abf93"}","2017-10-23 11:37:23",3141-clwc-1100
"{"client_id":"3e7904e06bae5ec7eb33d39e976187a1ceffb603"}","2017-10-23 11:37:23",3141-clwa-1300
"{"client_id":"facd726082fad45163f36f4006bf0751a36bcce2"}","2017-10-23 11:37:24",3142-clwa-2099
"{"client_id":"1547b1ab519613e22c90e47a9781b88ab1b0768c"}","2017-10-23 11:37:24",3141-clwa-1412
"{"client_id":"d3a0be1f437e85ad6993c41367cc7e79b93ee4af"}","2017-10-23 11:37:24",3141-clwa-1100
"{"client_id":"0e0a48f6b130d0dbffc75b6be7528733131baaab"}","2017-10-23 11:37:24",3141-clwc-1100
"{"client_id":"facd726082fad45163f36f4006bf0751a36bcce2"}","2017-10-23 11:37:24",3142-clwa-2099
"{"client_id":"490cf75e2f47170fcabbe4497dc04c3ff3262c76"}","2017-10-23 11:37:26",3141-clwa-1429
"{"client_id":"ee56fa982d8eb3c0a9ebb7c58695ce6b16f867be"}","2017-10-23 11:37:26",3141-clwa-1300
"{"client_id":"99298de75c6436fc1539300c867e7fd52c5aa621"}","2017-10-23 11:37:26",3144-clwa-4209
"{"client_id":"c247518fbb2810c3ea8ac080a5713921297539d5"}","2017-10-23 11:37:26",3142-clwa-2209
"{"client_id":"e8862e47e4275155af8ab876c89e07e08a987108"}","2017-10-23 11:37:28",3141-clwa-1427
"{"client_id":"d2ac6865c7bbe61234b3d8f16b9275dc8e0ad7cb"}","2017-10-23 11:37:28",3141-clwa-1100
"{"client_id":"fb6e3b38d7b4a69a9554a71bbf4174befa4dcda9"}","2017-10-23 11:37:29",3143-clwa-3059
"{"client_id":"a2f6e4d07e07c75daa764f0fbc85dcc4b7138e0f"}","2017-10-23 11:37:29",3141-clwc-1100
"{"client_id":"2ef5cc7f51aecd1aba90c063c2d9821c4b902a91"}","2017-10-23 11:37:30",3144-clwa-4219
"{"client_id":"2d92b681d6d7f9f5677c285d4c10f9f54cc8a065"}","2017-10-23 11:37:31",3141-clwa-1433
"{"client_id":"b14dc18b605011a48f990531657f09c4e385debc"}","2017-10-23 11:37:31",3141-clwa-1427
"{"client_id":"4535d9de7ccfeff10ce1fe5f461485da1958813a"}","2017-10-23 11:37:31",3146-clwa-6049
"{"client_id":"7673f34480acf9ad71ec7e38063d2d662bfd24f3"}","2017-10-23 11:37:31",3141-clwa-1429
"{"client_id":"0344f1e388247a36c1d3fc92f293b830c30462e4"}","2017-10-23 11:37:32",3141-clwa-1420
"{"client_id":"4535d9de7ccfeff10ce1fe5f461485da1958813a"}","2017-10-23 11:37:32",3146-clwa-6049
"{"client_id":"c247518fbb2810c3ea8ac080a5713921297539d5"}","2017-10-23 11:37:33",3141-clwc-1100
"{"client_id":"c84791b7cf1b7336833a97457fc32f14d5d4e17e"}","2017-10-23 11:37:33",3141-clwd-1100
"{"client_id":"7f74a4549ae18d12e87a2b194ef9b8add950e6cc"}","2017-10-23 11:37:33",3145-clwa-5219
"{"client_id":"cfc986f9e5a8fa557bf63366cb3579a8005f0c3c"}","2017-10-23 11:37:33",3142-clwa-2219
"{"client_id":"593bb5ea66d3825af39c41f055c2e21f92341853"}","2017-10-23 11:37:36",3141-clwa-1412
"{"client_id":"68a82ba64f7e0e775d70b4af26de0bdb69bacfec"}","2017-10-23 11:37:36",3141-clwc-1100
"{"client_id":"6b5683bde2f9d4f7d68dfdef0d3d6b9163a99bab"}","2017-10-23 11:37:36",3143-clwa-3019
"{"client_id":"e1eba89ed74aeff07c833fb9d8784f659c2a7ea8"}","2017-10-23 11:37:36",3141-clwa-1431
"{"client_id":"d9d25a32a91a0d68c602167d70530d8e8c3dfdca"}","2017-10-23 11:37:37",3143-clwa-3051
"{"client_id":"d9d25a32a91a0d68c602167d70530d8e8c3dfdca"}","2017-10-23 11:37:38",3143-clwa-3051
"{"client_id":"d1a630a6c332b04e2de4669672e03d96406cdce2"}","2017-10-23 11:37:38",3144-clwa-4231
"{"client_id":"ee56fa982d8eb3c0a9ebb7c58695ce6b16f867be"}","2017-10-23 11:37:40",3141-clwa-1300
"{"client_id":"210db6dbb4d00ea0c0eda0b65ebd3646da2ab348"}","2017-10-23 11:37:40",3141-clwc-1100
"{"client_id":"a9e6080f4825610b824ff6973bd069d4aa4436c4"}","2017-10-23 11:37:41",3141-clwa-1433
"{"client_id":"1f5637b6b4d8c28483736edabef0fb5a641aa5d7"}","2017-10-23 11:37:41",3143-clwa-3219
"{"client_id":"e948143f2eb75473e456869c18cd55c7c1ff87f0"}","2017-10-23 11:37:41",3141-clwb-1100
"{"client_id":"3b1f3008775bf6c31472b8a4978fe85d23c38bf9"}","2017-10-23 11:37:41",3141-clwe-1100
"{"client_id":"65d5666c29537dd52d2c1a936bdf5bf809373295"}","2017-10-23 11:37:41",3141-clwa-1433
"{"client_id":"3bf8131f8fde7c0d0bf515e0208d564b86b90185"}","2017-10-23 11:37:41",3141-clwa-1100
"{"client_id":"b0d3222b4a86f9767b3e30fc079d80a3653a8953"}","2017-10-23 11:37:42",3143-clwa-3039
"{"client_id":"7c751eee0895494f0d4bf3e19a0ba7ef000cb357"}","2017-10-23 11:37:42",3142-clwa-2099
"{"client_id":"9e241e8d7ae1dfe91c314b29e5bdde42cf764c3f"}","2017-10-23 11:37:42",3142-clwa-2231
"{"client_id":"b0d3222b4a86f9767b3e30fc079d80a3653a8953"}","2017-10-23 11:37:44",3144-clwa-4039
"{"client_id":"0b6f3a9ddf5e93c198a12d37b72e9ca5e4867501"}","2017-10-23 11:37:44",3141-clwe-1100
"{"client_id":"34947ed3f92a295844fe291022b0406c642f0fbf"}","2017-10-23 11:37:44",3141-clwa-1300
"{"client_id":"bcc3283da072800562560f35b39ba19ae9f0fa00"}","2017-10-23 11:37:44",3145-clwa-5019
"{"client_id":"b0d3222b4a86f9767b3e30fc079d80a3653a8953"}","2017-10-23 11:37:44",3143-clwa-3039
"{"client_id":"17302b4758111b55489ab94dbc7a449556e42b21"}","2017-10-23 11:37:44",3141-clwa-1433
"{"client_id":"c8162ad35589aecef99c31531bb953dc0b18944b"}","2017-10-23 11:37:45",3141-clwd-1100
"{"client_id":"c9eb274295da32a87ceff86d76289fc62578af9c"}","2017-10-23 11:37:45",3141-clwa-1420
"{"client_id":"0b6f3a9ddf5e93c198a12d37b72e9ca5e4867501"}","2017-10-23 11:37:45",3141-clwe-1100
"{"client_id":"c59f0137ab0fd9233248379da89c13a27f03cb27"}","2017-10-23 11:37:45",3142-clwa-2059
"{"client_id":"0adf84ed139f1141fa048d7cb4cd076276602a04"}","2017-10-23 11:37:46",3141-clwa-1412
"{"client_id":"2ef5cc7f51aecd1aba90c063c2d9821c4b902a91"}","2017-10-23 11:37:46",3144-clwa-4019
"{"client_id":"bcc3283da072800562560f35b39ba19ae9f0fa00"}","2017-10-23 11:37:46",3145-clwa-5019
"{"client_id":"bc056df696045aee0dbd058e52bffd7910795e50"}","2017-10-23 11:37:46",3141-clwa-1412
"{"client_id":"7f74a4549ae18d12e87a2b194ef9b8add950e6cc"}","2017-10-23 11:37:46",3145-clwa-5209
"{"client_id":"be27d8dac960b0132781c9b497e2bb77f187c137"}","2017-10-23 11:37:47",3141-clwd-1100
"{"client_id":"0adf84ed139f1141fa048d7cb4cd076276602a04"}","2017-10-23 11:37:47",3141-clwa-1420
"{"client_id":"194d830572fdf7a80785d26683e931a766bfdf1d"}","2017-10-23 11:37:47",3141-clwa-1300
"{"client_id":"53208832326b1b47897f181f52cc859e3bc4c00f"}","2017-10-23 11:37:47",3142-clwa-2059
"{"client_id":"39a7358a89dbfe15e26a784964dae3f81befb597"}","2017-10-23 11:37:48",3146-clwa-6219
"{"client_id":"aa2b0f6a40539c848e2ab0554106bae6dc43479b"}","2017-10-23 11:37:48",3141-clwa-1420
"{"client_id":"60fee6fed218fa9802cacd1b696c3760219e8b96"}","2017-10-23 11:37:48",3141-clwa-1412
"{"client_id":"3ddd6dd1f14f090a63f3b9434cfadb2a399389ee"}","2017-10-23 11:37:48",3142-clwa-2059
"{"client_id":"920faa0ca1a2be84e5be4e8c095d9ebbd3a21829"}","2017-10-23 11:37:48",3146-clwa-6029
"{"client_id":"3b1f3008775bf6c31472b8a4978fe85d23c38bf9"}","2017-10-23 11:37:48",3141-clwd-1100
"{"client_id":"88babff004ed3b93891467397cd0585e09a71f3b"}","2017-10-23 11:37:48",3141-clwc-1100
"{"client_id":"a134bc3f917cefc0ac71e06f05f09715d24c5c69"}","2017-10-23 11:37:48",3145-clwa-5231
"{"client_id":"d316b7484eda0cac84a7ac52178ee285c2f9f304"}","2017-10-23 11:37:49",3141-clwe-1100
"{"client_id":"29ee4b16f674340c43f2ec9c606ff9972fd1ec73"}","2017-10-23 11:37:49",3141-clwc-1100
"{"client_id":"c89f2978a4a36f2369bc37d1988c4ccbe45a6170"}","2017-10-23 11:37:49",3141-clwb-1100
"{"client_id":"6c5fd5437e313d90edcd5191052d93807dd315fe"}","2017-10-23 11:37:49",3141-clwc-1100
"{"client_id":"f73cb7a32bbc5b3feb22f53335c8312e87d2281d"}","2017-10-23 11:37:49",3141-clwd-1100
"{"client_id":"7a60c2777f8de7fe3d666dc32c089777b704cf7f"}","2017-10-23 11:37:49",3142-clwa-2219
"{"client_id":"e0679855a121fb82699997fff88786007fe4a754"}","2017-10-23 11:37:49",3142-clwa-2219
"{"client_id":"1674d91740728287b6d340f83fd2e164369aea3e"}","2017-10-23 11:37:50",3141-clwc-1100
"{"client_id":"907a3df447e8418a6e3b54bd026c83176cd15335"}","2017-10-23 11:37:50",3141-clwb-1200
"{"client_id":"a103d34f24994b299a74b942c24f5c71c00a9732"}","2017-10-23 11:37:50",3146-clwa-6029
"{"client_id":"e6e6bc174c373039d0168d349ace2b40d8c87ec4"}","2017-10-23 11:37:50",3142-clwa-2059
"{"client_id":"8aaa0c613081efb4442648070a01982e6be5bae4"}","2017-10-23 11:37:51",3141-clwc-1100
"{"client_id":"1d1e20270ec60f78bb0392d7fc5e4cb891791bf7"}","2017-10-23 11:37:51",3146-clwa-6011
"{"client_id":"8aaa0c613081efb4442648070a01982e6be5bae4"}","2017-10-23 11:37:51",3141-clwc-1100
"{"client_id":"fc984841da80f7d4305b05540d398fc8c07a63ee"}","2017-10-23 11:37:51",3146-clwa-6011
"{"client_id":"576b9465dac3d397404ca56ac9bcf06d687d080d"}","2017-10-23 11:37:51",3145-clwa-5039
"{"client_id":"c84791b7cf1b7336833a97457fc32f14d5d4e17e"}","2017-10-23 11:37:52",3141-clwe-1100
"{"client_id":"9818765b5e80d8736b4719b95cbd5594137157c8"}","2017-10-23 11:37:52",3141-clwd-1100
"{"client_id":"d89f4c6c2770dc7438362c8f1579defa6f3fb278"}","2017-10-23 11:37:52",3141-clwa-1412
"{"client_id":"3549c14bed8e910119b242c9aad7104318bef93e"}","2017-10-23 11:37:52",3146-clwa-6029
"{"client_id":"210db6dbb4d00ea0c0eda0b65ebd3646da2ab348"}","2017-10-23 11:37:52",3141-clwa-1300
"{"client_id":"e013b9576d367360ea8b5c90d8d88221d86da0f2"}","2017-10-23 11:37:52",3141-clwa-1412
"{"client_id":"1bb0a4736e699c05c3c4ae4e664a6318f41e4ef8"}","2017-10-23 11:37:52",3145-clwa-5209
"{"client_id":"7a60c2777f8de7fe3d666dc32c089777b704cf7f"}","2017-10-23 11:37:52",3141-clwb-1100
"{"client_id":"b0d3043718b1d48d0502a9707c68e2eb5d2a877d"}","2017-10-23 11:37:53",3141-clwc-1100
"{"client_id":"727f8a291e54d42f4be059459ac406a74fb88357"}","2017-10-23 11:37:53",3141-clwb-1100
"{"client_id":"ad668e707b8e74605c82e15a852844a3ea058b08"}","2017-10-23 11:37:53",3141-clwa-1412
"{"client_id":"f91572d19e9426171051bbc3dea6bf75ea613bd2"}","2017-10-23 11:37:53",3141-clwc-1100
"{"client_id":"d24f161d43d13c7c0ec9d57657fb8b83856beac1"}","2017-10-23 11:37:53",3141-clwc-1100
"{"client_id":"6fd10a34363a7fcc106d30f6d490c785140c4d54"}","2017-10-23 11:37:53",3146-clwa-6122
"{"client_id":"6c5fd5437e313d90edcd5191052d93807dd315fe"}","2017-10-23 11:37:53",3141-clwc-1100
"{"client_id":"825c4ae22149e7d0559fabf7ad1e5b4cd68e3893"}","2017-10-23 11:37:53",3141-clwc-1100
"{"client_id":"9aef082f4d23d5a200e240ee6ed829af6a524336"}","2017-10-23 11:37:53",3141-clwb-1100
"{"client_id":"c58183df4f9d60f54a7dd71969d6867fddbe703c"}","2017-10-23 11:37:54",3141-clwb-1100
"{"client_id":"6aaf6c363748fe321967a284d0d561af70874a0f"}","2017-10-23 11:37:54",3141-clwc-1100
"{"client_id":"29ee4b16f674340c43f2ec9c606ff9972fd1ec73"}","2017-10-23 11:37:54",3141-clwc-1100
"{"client_id":"dc34735128bc91f32372c4d78863ca4f3996bdbf"}","2017-10-23 11:37:54",3141-clwc-1100
"{"client_id":"0e0a48f6b130d0dbffc75b6be7528733131baaab"}","2017-10-23 11:37:54",3141-clwa-1100
"{"client_id":"f17c114b8a485aef4d055c6fd47f0b75472bed09"}","2017-10-23 11:37:54",3142-clwa-2219
"{"client_id":"88babff004ed3b93891467397cd0585e09a71f3b"}","2017-10-23 11:37:54",3141-clwb-1100
"{"client_id":"bf78e8d1cb84f35e54bac9f46c1389cf0f3bd85d"}","2017-10-23 11:37:54",3141-clwc-1100
"{"client_id":"f70710a4a288c3fe1a69fea59e61c8337d999387"}","2017-10-23 11:37:54",3141-clwc-1100
"{"client_id":"c00b12ca3041b9deab646886eab17739e96abf93"}","2017-10-23 11:37:54",3141-clwb-1100
"{"client_id":"8c400dd0818d62d01efc244f0fbde0b389fc71cf"}","2017-10-23 11:37:54",3141-clwc-1100
"{"client_id":"38283a0b66aff92f56ddea822dfba16f38fdaa18"}","2017-10-23 11:37:54",3141-clwc-1100
"{"client_id":"da7d0ec2e00f9e8fd49aa7345dcafdce28af94b5"}","2017-10-23 11:37:54",3141-clwd-1100
"{"client_id":"0ce6f94fda651759b1c3679e862a490c3021fb86"}","2017-10-23 11:37:54",3146-clwa-6029
"{"client_id":"96876030ef9c97bc8e8c63862c4e74b65541c6df"}","2017-10-23 11:37:55",3141-clwc-1100
"{"client_id":"68a82ba64f7e0e775d70b4af26de0bdb69bacfec"}","2017-10-23 11:37:55",3141-clwc-1100
"{"client_id":"b1bbf3a0200e3acbd05252300c6cfa06427e0138"}","2017-10-23 11:37:55",3141-clwd-1100
"{"client_id":"1674d91740728287b6d340f83fd2e164369aea3e"}","2017-10-23 11:37:55",3141-clwa-1100
"{"client_id":"a2f6e4d07e07c75daa764f0fbc85dcc4b7138e0f"}","2017-10-23 11:37:55",3142-clwa-2219
"{"client_id":"8440f4abd62748337c9b3b11118b7541b645e233"}","2017-10-23 11:37:56",3144-clwa-4219
"{"client_id":"004f4d2911b071608d8675578e1c1c9ebe591c45"}","2017-10-23 11:37:56",3141-clwa-1412
"{"client_id":"d9238d5368ada3b52dc16518e949f0f899e8f8c2"}","2017-10-23 11:37:56",3141-clwd-1100
"{"client_id":"9e2edf7212bd30e48b524e0b761b7fe73491fb60"}","2017-10-23 11:37:56",3141-clwc-1100
"{"client_id":"907a3df447e8418a6e3b54bd026c83176cd15335"}","2017-10-23 11:37:56",3141-clwa-1200
"{"client_id":"113349b0f564af33cf4970443b9ab3fe419388f4"}","2017-10-23 11:37:56",3142-clwa-2219
"{"client_id":"3bf8131f8fde7c0d0bf515e0208d564b86b90185"}","2017-10-23 11:37:57",3141-clwe-1100
"{"client_id":"8440f4abd62748337c9b3b11118b7541b645e233"}","2017-10-23 11:37:57",3144-clwa-4219
"{"client_id":"16a160ca018325c6862600a9215acb3641317db2"}","2017-10-23 11:37:57",3141-clwb-1100
"{"client_id":"7f74a4549ae18d12e87a2b194ef9b8add950e6cc"}","2017-10-23 11:37:57",3145-clwa-5019
"{"client_id":"8aaa0c613081efb4442648070a01982e6be5bae4"}","2017-10-23 11:37:57",3141-clwc-1100
"{"client_id":"014b120eca0b8967bdc80218a361216b294900bd"}","2017-10-23 11:37:57",3142-clwa-2099
"{"client_id":"6fd10a34363a7fcc106d30f6d490c785140c4d54"}","2017-10-23 11:37:57",3146-clwa-6049
"{"client_id":"e55dfb2ea1ee8f9d66809f6cfd32d7f084261be8"}","2017-10-23 11:37:57",3142-clwa-2099
"{"client_id":"06d0f422068dd46fe13bc2d8b3e762d1e238816c"}","2017-10-23 11:37:57",3141-clwd-1100
"{"client_id":"cef02d0feaedaaed988b55c331d0316dd7aab7cd"}","2017-10-23 11:37:58",3144-clwa-4219
"{"client_id":"5804be7e09c84849bf11a4ded7dc61ae08093709"}","2017-10-23 11:37:58",3142-clwa-2219
"{"client_id":"1cc9624c38ddb6af7adfc662d2b93970285226f4"}","2017-10-23 11:37:59",3141-clwa-1412
"{"client_id":"6973f45c87f9e83fc2283dcf411915988afa29e4"}","2017-10-23 11:37:59",3141-clwa-1100
"{"client_id":"ebbe039b5655f8d6f2a0e2886dca652575eadee4"}","2017-10-23 11:37:59",3144-clwa-4209
"{"client_id":"66dd13f7055505edade724afe4f283e0a879c7bd"}","2017-10-23 11:37:59",3142-clwa-2209
"{"client_id":"39a7358a89dbfe15e26a784964dae3f81befb597"}","2017-10-23 11:38:00",3146-clwa-6029
"{"client_id":"ea3a077b8eccde57404be6bfcb59e13a81399181"}","2017-10-23 11:38:00",3141-clwa-1422
"{"client_id":"71e4c98cd85c99f7777519d14e80f8d94c718f14"}","2017-10-23 11:38:01",3144-clwa-4219
"{"client_id":"c00b12ca3041b9deab646886eab17739e96abf93"}","2017-10-23 11:38:01",3141-clwc-1100
"{"client_id":"5f57eeba45abdabb2573ebac92796bf6b8d0ff2c"}","2017-10-23 11:38:05",3141-clwc-1100
"{"client_id":"e5176d6ffef2b18bfef2ca071fdc3ba5f9868e9c"}","2017-10-23 11:38:05",3141-clwd-1100
"{"client_id":"2ef5cc7f51aecd1aba90c063c2d9821c4b902a91"}","2017-10-23 11:38:05",3144-clwa-4051
"{"client_id":"a9e6080f4825610b824ff6973bd069d4aa4436c4"}","2017-10-23 11:38:05",3141-clwa-1433
"{"client_id":"a2f6e4d07e07c75daa764f0fbc85dcc4b7138e0f"}","2017-10-23 11:38:05",3141-clwc-1100
"{"client_id":"a06e55eea9ac86ac41fe826e0c6d0855b3a289f9"}","2017-10-23 11:38:07",3141-clwa-1100
"{"client_id":"11d58fd604e31332d0e061f9e445058afb453291"}","2017-10-23 11:38:07",3142-clwa-2099
"{"client_id":"4d812cca00e08aa1700fc9d3916aa017c3edd4eb"}","2017-10-23 11:38:08",3144-clwa-4019
"{"client_id":"c59f0137ab0fd9233248379da89c13a27f03cb27"}","2017-10-23 11:38:08",3142-clwa-2059
"{"client_id":"d0d48e861c7d5a08b780859eb0496074a3ddfede"}","2017-10-23 11:38:09",3141-clwc-1100
"{"client_id":"0850f9dd72171fb5f41c4414f86b77127cda0671"}","2017-10-23 11:38:09",3144-clwa-4059
"{"client_id":"b4e856bdee30ac93ce2daca3005dfbb5943cf496"}","2017-10-23 11:38:10",3141-clwc-1100
"{"client_id":"98a5487014d155e1c726f2c1dffb3d3a21ef1c6b"}","2017-10-23 11:38:10",3141-clwa-1100
"{"client_id":"50814e123b5ab6d76093d3880de9428bf69f159c"}","2017-10-23 11:38:10",3141-clwe-1100
"{"client_id":"ad7f2cafa73eca0339a0de88d871243b9139f3a6"}","2017-10-23 11:38:10",3144-clwa-4019
"{"client_id":"48409679df8fdab986fbc130155354bd060d6dcc"}","2017-10-23 11:38:11",3141-clwa-1300
"{"client_id":"3b1f3008775bf6c31472b8a4978fe85d23c38bf9"}","2017-10-23 11:38:11",3141-clwe-1100
"{"client_id":"e5176d6ffef2b18bfef2ca071fdc3ba5f9868e9c"}","2017-10-23 11:38:11",3141-clwd-1100
"{"client_id":"b3fccbc747b8f9c106a1f5be133b4ae963036dd9"}","2017-10-23 11:38:12",3141-clwa-1433
"{"client_id":"4bca49664d983af985e49c70aecc5229c338aa3c"}","2017-10-23 11:38:12",3144-clwa-4051
"{"client_id":"34947ed3f92a295844fe291022b0406c642f0fbf"}","2017-10-23 11:38:13",3141-clwa-1412
"{"client_id":"f17c114b8a485aef4d055c6fd47f0b75472bed09"}","2017-10-23 11:38:13",3141-clwa-1100
"{"client_id":"da7d0ec2e00f9e8fd49aa7345dcafdce28af94b5"}","2017-10-23 11:38:13",3141-clwe-1100
"{"client_id":"242a19a78c79d89dfdbfa4a990e095daa5563a07"}","2017-10-23 11:38:13",3141-clwc-1100
"{"client_id":"cc890f92ae98a8ee13801168b04083b7fc049225"}","2017-10-23 11:38:14",3141-clwa-1100
"{"client_id":"3ddd6dd1f14f090a63f3b9434cfadb2a399389ee"}","2017-10-23 11:38:14",3142-clwa-2099
"{"client_id":"434c3f6aca55d26ec9cad34fc3cd93696fc4d8fa"}","2017-10-23 11:38:14",3146-clwa-6122
"{"client_id":"95742762f2aaef24525e50ab0e3110e3cd7acf32"}","2017-10-23 11:38:14",3141-clwc-1100
"{"client_id":"06d0f422068dd46fe13bc2d8b3e762d1e238816c"}","2017-10-23 11:38:15",3141-clwe-1100
"{"client_id":"b26f8bf1444c7be5bfb060d5c9ba003d93da0a89"}","2017-10-23 11:38:15",3141-clwb-1300
"{"client_id":"b26f8bf1444c7be5bfb060d5c9ba003d93da0a89"}","2017-10-23 11:38:15",3141-clwb-1300
"{"client_id":"b08e90ce47580718e6be4a917dbe5004358c8cbd"}","2017-10-23 11:38:15",3141-clwa-1412
"{"client_id":"66ef1e3e11a672ab66b736dc9e6d2b608687867c"}","2017-10-23 11:38:15",3143-clwa-3099
"{"client_id":"d9d25a32a91a0d68c602167d70530d8e8c3dfdca"}","2017-10-23 11:38:16",3143-clwa-3059
"{"client_id":"d9d25a32a91a0d68c602167d70530d8e8c3dfdca"}","2017-10-23 11:38:16",3143-clwa-3059
"{"client_id":"0cb35e3e70bcdc545599f00f498f00c06bbcb182"}","2017-10-23 11:38:17",3141-clwd-1100
"{"client_id":"844a5c0a9d23415fefca166da34c3fee1cabb035"}","2017-10-23 11:38:17",3143-clwa-3051
"{"client_id":"4bca49664d983af985e49c70aecc5229c338aa3c"}","2017-10-23 11:38:17",3144-clwa-4051
"{"client_id":"434c3f6aca55d26ec9cad34fc3cd93696fc4d8fa"}","2017-10-23 11:38:17",3146-clwa-6122
"{"client_id":"59f0a3a3edf5bf7fce2ffcca1b72fa81aef4b325"}","2017-10-23 11:38:18",3146-clwa-6011
"{"client_id":"e6e6bc174c373039d0168d349ace2b40d8c87ec4"}","2017-10-23 11:38:18",3142-clwa-2099
"{"client_id":"48ecceef568a51ab96d790fe017c0caf7b8e9b91"}","2017-10-23 11:38:19",3141-clwa-1100
"{"client_id":"c78486dddf127551cc4a9818a94899d5927a7dba"}","2017-10-23 11:38:19",3141-clwa-1100
"{"client_id":"16a160ca018325c6862600a9215acb3641317db2"}","2017-10-23 11:38:20",3141-clwc-1100
"{"client_id":"c34d4958ad175960093b975bbe9b11cacde92a51"}","2017-10-23 11:38:20",3141-clwa-1420
"{"client_id":"680776a4b4b090b790f1e4f7d16af306b2e94d19"}","2017-10-23 11:38:20",3143-clwa-3065
"{"client_id":"727f8a291e54d42f4be059459ac406a74fb88357"}","2017-10-23 11:38:21",3141-clwc-1100
"{"client_id":"8a2f41369b59edc12e4f0575adf7ba6b109aa7c2"}","2017-10-23 11:38:21",3142-clwa-2019
"{"client_id":"1547b1ab519613e22c90e47a9781b88ab1b0768c"}","2017-10-23 11:38:21",3141-clwa-1412
"{"client_id":"6e99407da87884a79aedb8db514db0c99a17ae7b"}","2017-10-23 11:38:21",3141-clwa-1300
"{"client_id":"34947ed3f92a295844fe291022b0406c642f0fbf"}","2017-10-23 11:38:21",3142-clwa-2019
"{"client_id":"e0679855a121fb82699997fff88786007fe4a754"}","2017-10-23 11:38:21",3141-clwd-1100
"{"client_id":"0344f1e388247a36c1d3fc92f293b830c30462e4"}","2017-10-23 11:38:22",3141-clwa-1422
"{"client_id":"b26f8bf1444c7be5bfb060d5c9ba003d93da0a89"}","2017-10-23 11:38:22",3141-clwa-1300
"{"client_id":"552464969b6d295327dfa0585a7d3c099c6e4630"}","2017-10-23 11:38:22",3141-clwb-1100
"{"client_id":"8a2f41369b59edc12e4f0575adf7ba6b109aa7c2"}","2017-10-23 11:38:22",3142-clwa-2019
"{"client_id":"8f21e33f031a8933997bc734b2906754d4e5357f"}","2017-10-23 11:38:24",3141-clwa-1100
"{"client_id":"c0c8fe099226f05794c6f4b76c846c1b82d8b584"}","2017-10-23 11:38:24",3141-clwa-1429
"{"client_id":"593bb5ea66d3825af39c41f055c2e21f92341853"}","2017-10-23 11:38:25",3141-clwa-1412
"{"client_id":"680776a4b4b090b790f1e4f7d16af306b2e94d19"}","2017-10-23 11:38:25",3143-clwa-3065
"{"client_id":"9af176f914b67e5972d6b997b94a69d56dabe77d"}","2017-10-23 11:38:26",3141-clwd-1100
"{"client_id":"c78486dddf127551cc4a9818a94899d5927a7dba"}","2017-10-23 11:38:26",3141-clwa-1100
"{"client_id":"c0c8fe099226f05794c6f4b76c846c1b82d8b584"}","2017-10-23 11:38:26",3141-clwa-1431
"{"client_id":"37100d10629c266e556a222ebe61994f9b716392"}","2017-10-23 11:38:27",3141-clwa-1433
"{"client_id":"210db6dbb4d00ea0c0eda0b65ebd3646da2ab348"}","2017-10-23 11:38:27",3141-clwe-1100
"{"client_id":"2662d5c9623a9af90a03cfa4caeadca60b88fdd8"}","2017-10-23 11:38:28",3141-clwb-1100
"{"client_id":"b7708f88a75b629fffe0450e62a9ba8d153cc033"}","2017-10-23 11:38:28",3145-clwa-5039
"{"client_id":"f86dbc6f377fd6df4274f4929e352df6cef6f466"}","2017-10-23 11:38:29",3141-clwa-1433
"{"client_id":"3c8578a4445f60433320dc9978e1471f3b7467b2"}","2017-10-23 11:38:29",3143-clwa-3099
"{"client_id":"d59f41efbaf58af2382ea6ef7c6c6d37892d29fd"}","2017-10-23 11:38:29",3144-clwa-4231
"{"client_id":"18607246d4d3f688dc5f6e4b60d6926b49a774dc"}","2017-10-23 11:38:29",3141-clwa-1100
"{"client_id":"18607246d4d3f688dc5f6e4b60d6926b49a774dc"}","2017-10-23 11:38:30",3141-clwa-1100
"{"client_id":"bfed51a38f39d1ba733c104ba1902601fc702759"}","2017-10-23 11:38:30",3141-clwc-1100
"{"client_id":"593bb5ea66d3825af39c41f055c2e21f92341853"}","2017-10-23 11:38:31",3141-clwa-1412
"{"client_id":"37100d10629c266e556a222ebe61994f9b716392"}","2017-10-23 11:38:31",3141-clwa-1433
"{"client_id":"33fbf947c4a22678404086ba6955879e1dc69087"}","2017-10-23 11:38:31",3142-clwa-2039
"{"client_id":"ee957773d8bd1a5c1c153cdbb7ffb70aa272403e"}","2017-10-23 11:38:32",3141-clwd-1100
"{"client_id":"5804be7e09c84849bf11a4ded7dc61ae08093709"}","2017-10-23 11:38:32",3141-clwe-1100
"{"client_id":"6c5fd5437e313d90edcd5191052d93807dd315fe"}","2017-10-23 11:38:35",3141-clwc-1100
"{"client_id":"6e99407da87884a79aedb8db514db0c99a17ae7b"}","2017-10-23 11:38:35",3141-clwa-1300
"{"client_id":"4a245a9d31b4616f12ac715d839ffc166afad166"}","2017-10-23 11:38:35",3142-clwa-2059
"{"client_id":"0a090c0e98ac3c2425d5e6ad923622f4a5e11b03"}","2017-10-23 11:38:35",3141-clwb-1100
"{"client_id":"71438980a406dea4572fba52c5269c88788cf211"}","2017-10-23 11:38:36",3141-clwa-1412
"{"client_id":"7ca5249a4380538e055cf8a765175b613264ae7f"}","2017-10-23 11:38:36",3142-clwa-2051
"{"client_id":"07680c7592551c4d5af18b281b4d14cc6cc40a86"}","2017-10-23 11:38:36",3146-clwa-6049
"{"client_id":"f691579930aa111d7735ff62fe48f4b92d8dac01"}","2017-10-23 11:38:36",3141-clwe-1100
"{"client_id":"dc65318d09c52c4aa9d157ea6f45bcd9eabc1a8d"}","2017-10-23 11:38:37",3141-clwc-1100
"{"client_id":"d36877c678bbe5d91e7421fdb8a8ed2bba225ebb"}","2017-10-23 11:38:37",3141-clwb-1100
"{"client_id":"06d0f422068dd46fe13bc2d8b3e762d1e238816c"}","2017-10-23 11:38:37",3141-clwd-1100
"{"client_id":"bfed51a38f39d1ba733c104ba1902601fc702759"}","2017-10-23 11:38:37",3141-clwc-1100
"{"client_id":"53208832326b1b47897f181f52cc859e3bc4c00f"}","2017-10-23 11:38:37",3142-clwa-2099
"{"client_id":"b9c0c8880496f07682089e1ddec018c7d562c3ee"}","2017-10-23 11:38:38",3141-clwb-1300
"{"client_id":"d36877c678bbe5d91e7421fdb8a8ed2bba225ebb"}","2017-10-23 11:38:38",3141-clwb-1100
"{"client_id":"b0d3043718b1d48d0502a9707c68e2eb5d2a877d"}","2017-10-23 11:38:39",3141-clwa-1100
"{"client_id":"d1a630a6c332b04e2de4669672e03d96406cdce2"}","2017-10-23 11:38:39",3144-clwa-4231
"{"client_id":"693f5dd2d60f991bdb0d04e8713c498458ff345c"}","2017-10-23 11:38:40",3143-clwa-3039
"{"client_id":"ee56fa982d8eb3c0a9ebb7c58695ce6b16f867be"}","2017-10-23 11:38:40",3141-clwa-1300
"{"client_id":"a60a94dd3f1c36786fdc5e4f06895266c644cead"}","2017-10-23 11:38:41",3141-clwa-1433
"{"client_id":"52f342c6aa0758e6de3ea247940dc12e5ba355d1"}","2017-10-23 11:38:41",3142-clwa-2019
"{"client_id":"38c3e294ee7084c6fbb438ec84771e58bf683787"}","2017-10-23 11:38:42",3141-clwa-1200
"{"client_id":"015e94f2f64dfe75d7e30785f3edc9d08199f245"}","2017-10-23 11:38:42",3141-clwa-1300
"{"client_id":"da7d0ec2e00f9e8fd49aa7345dcafdce28af94b5"}","2017-10-23 11:38:43",3141-clwd-1100
"{"client_id":"73b3936125d6723705ed1a1a109ff24c2625f765"}","2017-10-23 11:38:43",3143-clwa-3059
"{"client_id":"0cb35e3e70bcdc545599f00f498f00c06bbcb182"}","2017-10-23 11:38:44",3141-clwd-1100
"{"client_id":"b9c0c8880496f07682089e1ddec018c7d562c3ee"}","2017-10-23 11:38:44",3141-clwa-1412
"{"client_id":"b443ca1232dbc09db6218e5214fced25a2c696c3"}","2017-10-23 11:38:44",3144-clwa-4231
"{"client_id":"844a5c0a9d23415fefca166da34c3fee1cabb035"}","2017-10-23 11:38:45",3143-clwa-3051
"{"client_id":"b0d3222b4a86f9767b3e30fc079d80a3653a8953"}","2017-10-23 11:38:45",3144-clwa-4039
"{"client_id":"b0d3222b4a86f9767b3e30fc079d80a3653a8953"}","2017-10-23 11:38:46",3144-clwa-4039
"{"client_id":"a7eb80f05ad6fda43dd1ddff01190efea09f14a6"}","2017-10-23 11:38:46",3141-clwa-1429
"{"client_id":"c58183df4f9d60f54a7dd71969d6867fddbe703c"}","2017-10-23 11:38:47",3141-clwc-1100
"{"client_id":"bfa87e7b5ad8898386cd6ab9a579ac7547011755"}","2017-10-23 11:38:47",3142-clwa-2019
"{"client_id":"ebbe039b5655f8d6f2a0e2886dca652575eadee4"}","2017-10-23 11:38:48",3144-clwa-4019
"{"client_id":"bcc3283da072800562560f35b39ba19ae9f0fa00"}","2017-10-23 11:38:48",3145-clwa-5019
"{"client_id":"d89f4c6c2770dc7438362c8f1579defa6f3fb278"}","2017-10-23 11:38:49",3141-clwa-1412
"{"client_id":"00ed1148bfd37660465fc7a1c6bf0cce8dd8cb10"}","2017-10-23 11:38:49",3141-clwa-1300
"{"client_id":"693f5dd2d60f991bdb0d04e8713c498458ff345c"}","2017-10-23 11:38:49",3145-clwa-5039
"{"client_id":"7a60c2777f8de7fe3d666dc32c089777b704cf7f"}","2017-10-23 11:38:50",3141-clwe-1100
"{"client_id":"f7cb1bb09898285114e9e3ee508e3bdc57dc6a4e"}","2017-10-23 11:38:50",3143-clwa-3231
"{"client_id":"00ed1148bfd37660465fc7a1c6bf0cce8dd8cb10"}","2017-10-23 11:38:51",3141-clwa-1300
"{"client_id":"c59f0137ab0fd9233248379da89c13a27f03cb27"}","2017-10-23 11:38:51",3141-clwa-1300
"{"client_id":"34fbc28bfffee9505cc45136440ca302e721d393"}","2017-10-23 11:38:53",3141-clwa-1429
"{"client_id":"cb741e7b0c1f9976f3d5c512b5669dd3ca2084e9"}","2017-10-23 11:38:53",3141-clwe-1100
